player_name,team_abbreviation,age,player_height,player_weight,college,country,draft_year,draft_round,draft_number,gp,pts,reb,ast,net_rating,oreb_pct,dreb_pct,usg_pct,ts_pct,ast_pct,season,season_start,era,is_international,efficiency,efficiency_score,minutes,cap_value_usd,tier
Giannis Antetokounmpo,MIL,28.0,213.36,110.222856,,Greece,2013.0,1.0,15.0,63,31.1,11.8,5.7,7.2,0.065,0.268,0.373,0.605,0.314,2022-23,2022,Modern (19+),True,29.403000000000006,43.35,25.0,44481721.94090912,SUPERSTAR
Joel Embiid,PHI,29.0,213.36,127.00576,Kansas,Cameroon,2014.0,1.0,3.0,66,33.1,10.2,4.2,8.8,0.057,0.243,0.37,0.655,0.233,2022-23,2022,Modern (19+),True,31.1125,43.18,25.0,43647634.29817899,SUPERSTAR
Luka Doncic,DAL,24.0,200.66,104.32616,,Slovenia,2018.0,1.0,3.0,66,32.4,8.6,8.0,2.1,0.024,0.2239999999999999,0.368,0.609,0.408,2022-23,2022,Modern (19+),True,29.841,44.02,25.0,43398103.18623972,SUPERSTAR
Nikola Jokic,DEN,28.0,210.82,128.820128,,Serbia,2014.0,2.0,41.0,69,24.5,11.8,9.8,12.5,0.08,0.283,0.263,0.701,0.412,2022-23,2022,Modern (19+),True,32.31609999999999,39.62,25.0,40654344.251414515,SUPERSTAR
Jayson Tatum,BOS,25.0,203.2,95.25432,Duke,USA,2017.0,1.0,3.0,74,30.1,8.8,4.6,8.5,0.0289999999999999,0.2,0.319,0.607,0.205,2022-23,2022,Modern (19+),False,26.404500000000002,39.480000000000004,25.0,39907563.735342905,SUPERSTAR
Shai Gilgeous-Alexander,OKC,24.0,198.12,88.45044,Kentucky,Canada,2018.0,1.0,11.0,68,31.4,4.8,5.5,2.7,0.023,0.109,0.318,0.626,0.249,2022-23,2022,Modern (19+),True,26.1042,38.61,25.0,38064533.48525024,SUPERSTAR
Damian Lillard,POR,32.0,187.96,88.45044,Weber State,USA,2012.0,1.0,6.0,58,32.2,4.8,7.3,2.1,0.022,0.1119999999999999,0.331,0.645,0.3379999999999999,2022-23,2022,Modern (19+),False,28.5735,40.67,25.0,37012747.435244106,SUPERSTAR
Anthony Davis,LAL,30.0,208.28,114.758776,Kentucky,USA,2012.0,1.0,1.0,56,25.9,12.5,2.6,4.8,0.102,0.248,0.2769999999999999,0.627,0.128,2022-23,2022,Modern (19+),False,25.707,36.47,25.0,35954766.542529814,SUPERSTAR
Julius Randle,NYK,28.0,203.2,113.398,Kentucky,USA,2014.0,1.0,7.0,77,25.1,10.0,4.1,2.7,0.05,0.226,0.288,0.581,0.184,2022-23,2022,Modern (19+),False,22.7752,34.97,25.0,35882948.47228585,SUPERSTAR
Devin Booker,PHX,26.0,195.58,93.439952,Kentucky,USA,2015.0,1.0,13.0,53,27.8,4.5,5.5,6.2,0.025,0.105,0.311,0.601,0.251,2022-23,2022,Modern (19+),False,22.717799999999997,34.8,25.0,35708510.34702738,SUPERSTAR
Donovan Mitchell,CLE,26.0,185.42,97.52228,Louisville,USA,2017.0,1.0,13.0,68,28.3,4.3,4.4,5.9,0.027,0.0969999999999999,0.31,0.614,0.205,2022-23,2022,Modern (19+),False,22.718,34.39,25.0,35287806.63316873,SUPERSTAR
Trae Young,ATL,24.0,185.42,74.389088,Oklahoma,USA,2018.0,1.0,5.0,73,26.2,3.0,10.2,1.3,0.021,0.062,0.313,0.573,0.414,2022-23,2022,Modern (19+),False,22.576199999999996,35.44,25.0,34939317.967295215,STAR
Jaylen Brown,BOS,26.0,198.12,101.151016,California,USA,2016.0,1.0,3.0,67,26.6,6.9,3.5,5.4,0.032,0.152,0.307,0.581,0.163,2022-23,2022,Modern (19+),False,21.497,33.88,25.0,34764492.25739333,STAR
Ja Morant,MEM,23.0,187.96,78.92500799999999,Murray State,USA,2019.0,1.0,2.0,61,26.2,5.9,8.1,7.3,0.0289999999999999,0.139,0.3379999999999999,0.557,0.412,2022-23,2022,Modern (19+),False,22.391400000000004,36.0,25.0,34270694.35960385,STAR
Pascal Siakam,TOR,29.0,203.2,104.32616,New Mexico State,Cameroon,2016.0,1.0,27.0,71,24.2,7.8,5.8,2.4,0.047,0.177,0.27,0.565,0.244,2022-23,2022,Modern (19+),True,21.356999999999996,33.72,25.0,34085183.61590078,STAR
Domantas Sabonis,SAC,27.0,215.9,108.86208,Gonzaga,Lithuania,2016.0,1.0,11.0,79,19.1,12.3,7.3,3.9,0.096,0.275,0.213,0.6679999999999999,0.297,2022-23,2022,Modern (19+),True,25.851599999999998,32.82,25.0,33845625.0,STAR
Lauri Markkanen,UTA,26.0,213.36,108.86208,Arizona,Finland,2017.0,1.0,7.0,66,25.6,8.6,1.9,3.8,0.055,0.183,0.259,0.6409999999999999,0.086,2022-23,2022,Modern (19+),True,23.140099999999997,32.95,25.0,33810213.1015676,STAR
Brandon Ingram,NOP,25.0,203.2,86.18248,Duke,USA,2016.0,1.0,2.0,45,24.7,5.5,5.8,3.0,0.015,0.145,0.306,0.5820000000000001,0.2769999999999999,2022-23,2022,Modern (19+),False,20.952,32.61,25.0,32963162.447049953,STAR
Kyrie Irving,DAL,31.0,187.96,88.45044,Duke,Australia,2011.0,1.0,1.0,60,27.1,5.1,5.5,4.7,0.0289999999999999,0.107,0.286,0.613,0.233,2022-23,2022,Modern (19+),True,23.110100000000003,34.52,25.0,32861788.035931252,STAR
De'Aaron Fox,SAC,25.0,190.5,83.91452,Kentucky,USA,2017.0,1.0,5.0,73,25.0,4.2,6.1,3.1,0.017,0.111,0.288,0.599,0.281,2022-23,2022,Modern (19+),False,21.144699999999997,32.21,25.0,32558830.494310915,STAR
Kristaps Porzingis,WAS,27.0,220.98,108.86208,,Latvia,2015.0,1.0,4.0,65,23.2,8.4,2.7,1.4,0.057,0.1939999999999999,0.272,0.627,0.125,2022-23,2022,Modern (19+),True,21.506100000000004,30.97,25.0,31937812.499999996,STAR
Zach LaVine,CHI,28.0,195.58,90.7184,UCLA,USA,2014.0,1.0,13.0,77,24.8,4.5,4.2,0.3,0.016,0.108,0.278,0.607,0.187,2022-23,2022,Modern (19+),False,20.3345,30.89,25.0,31696433.466082644,STAR
Jalen Brunson,NYK,26.0,187.96,86.18248,Villanova,USA,2018.0,2.0,33.0,68,24.0,3.5,6.2,2.1,0.016,0.085,0.266,0.597,0.28,2022-23,2022,Modern (19+),False,20.1189,30.79,25.0,31593822.804165892,STAR
Zion Williamson,NOP,22.0,198.12,128.820128,Duke,USA,2019.0,1.0,1.0,29,26.0,7.0,4.6,7.8,0.06,0.148,0.288,0.652,0.231,2022-23,2022,Modern (19+),False,24.5152,34.12,25.0,31051756.63856722,STAR
Karl-Anthony Towns,MIN,27.0,213.36,112.490816,Kentucky,USA,2015.0,1.0,1.0,29,20.8,8.1,4.8,1.8,0.05,0.181,0.25,0.618,0.225,2022-23,2022,Modern (19+),False,20.826599999999996,29.83,25.0,30762187.499999993,STAR
Kevin Durant,PHX,34.0,208.28,108.86208,Texas,USA,2007.0,1.0,2.0,47,29.1,6.7,5.0,6.8,0.012,0.166,0.305,0.677,0.228,2022-23,2022,Modern (19+),False,27.621600000000004,37.29,25.0,30099147.61325924,STAR
Kyle Kuzma,WAS,27.0,205.74,100.243832,Utah,USA,2017.0,1.0,27.0,64,21.2,7.2,3.7,0.3,0.025,0.172,0.273,0.544,0.1639999999999999,2022-23,2022,Modern (19+),False,17.462400000000002,28.83,25.0,29730937.5,STAR
Bam Adebayo,MIA,25.0,205.74,115.66596,Kentucky,USA,2017.0,1.0,14.0,75,20.4,9.2,3.2,1.8,0.073,0.206,0.251,0.5920000000000001,0.154,2022-23,2022,Modern (19+),False,19.4176,29.079999999999995,25.0,29394932.964127947,STAR
Bradley Beal,WAS,30.0,193.04,93.893544,Florida,USA,2012.0,1.0,3.0,50,23.2,3.9,5.4,0.7,0.026,0.091,0.288,0.593,0.26,2022-23,2022,Modern (19+),False,19.2725,29.71,25.0,29290269.097300816,STAR
Dejounte Murray,ATL,26.0,195.58,81.64656,Washington,USA,2016.0,1.0,29.0,74,20.5,5.3,6.1,-1.1,0.019,0.127,0.239,0.54,0.239,2022-23,2022,Modern (19+),False,17.226,28.48,25.0,29223516.51388908,STAR
Tyrese Haliburton,IND,23.0,195.58,83.91452,Iowa State,USA,2020.0,1.0,12.0,56,20.7,3.7,10.4,-1.0,0.018,0.092,0.238,0.624,0.457,2022-23,2022,Modern (19+),False,21.7152,30.57,25.0,29101531.29369694,STAR
LaMelo Ball,CHA,21.0,200.66,81.64656,,USA,2020.0,1.0,3.0,36,23.3,6.4,8.4,-4.7,0.031,0.147,0.289,0.541,0.352,2022-23,2022,Modern (19+),False,20.6121,33.660000000000004,25.0,28993795.169731643,STAR
Stephen Curry,GSW,35.0,187.96,83.91452,Davidson,USA,2009.0,1.0,7.0,56,29.4,6.1,6.3,5.8,0.02,0.147,0.297,0.6559999999999999,0.2739999999999999,2022-23,2022,Modern (19+),False,27.420799999999996,38.08,25.0,28515872.685883842,STAR
Desmond Bane,MEM,25.0,195.58,97.52228,TCU,USA,2020.0,1.0,30.0,58,21.5,5.0,4.4,9.0,0.022,0.123,0.252,0.606,0.2019999999999999,2022-23,2022,Modern (19+),False,18.725399999999997,28.08,25.0,28384103.082280356,STAR
Kawhi Leonard,LAC,32.0,200.66,102.0582,San Diego State,USA,2011.0,1.0,15.0,52,23.8,6.5,3.9,6.1,0.034,0.16,0.267,0.623,0.19,2022-23,2022,Modern (19+),False,21.306600000000003,31.080000000000002,25.0,28285128.84896451,STAR
James Harden,PHI,33.0,195.58,99.79024,Arizona State,USA,2009.0,1.0,3.0,58,21.0,6.1,10.7,6.1,0.021,0.151,0.247,0.607,0.439,2022-23,2022,Modern (19+),False,22.944599999999998,32.76,25.0,28218560.00476556,STAR
Jamal Murray,DEN,26.0,193.04,97.52228,Kentucky,Canada,2016.0,1.0,7.0,65,20.0,4.0,6.2,6.4,0.024,0.099,0.256,0.5710000000000001,0.265,2022-23,2022,Modern (19+),True,17.244200000000003,27.14,25.0,27848533.644204695,STAR
Terry Rozier,CHA,29.0,185.42,86.18248,Louisville,USA,2015.0,1.0,16.0,63,21.1,4.1,5.1,-6.2,0.021,0.095,0.262,0.517,0.22,2022-23,2022,Modern (19+),False,15.665100000000002,27.540000000000003,25.0,27838254.946082663,STAR
Darius Garland,CLE,23.0,185.42,87.089664,Vanderbilt,USA,2019.0,1.0,5.0,69,21.6,2.7,7.8,8.0,0.012,0.067,0.262,0.5870000000000001,0.3279999999999999,2022-23,2022,Modern (19+),False,18.842700000000004,28.950000000000003,25.0,27559350.047514766,STAR
Fred VanVleet,TOR,29.0,182.88,89.357624,Wichita State,USA,,,,69,19.3,4.1,7.2,3.3,0.011,0.11,0.225,0.54,0.276,2022-23,2022,Modern (19+),False,16.524,27.21,25.0,27504681.085072957,STAR
Anthony Edwards,MIN,21.0,193.04,102.0582,Georgia,USA,2020.0,1.0,1.0,79,24.6,5.8,4.4,1.9,0.017,0.139,0.292,0.564,0.192,2022-23,2022,Modern (19+),False,19.627200000000002,31.740000000000002,25.0,27339960.151137333,STAR
Paul George,LAC,33.0,203.2,99.79024,Fresno State,USA,2010.0,1.0,10.0,56,23.8,6.1,5.1,4.0,0.025,0.153,0.294,0.588,0.237,2022-23,2022,Modern (19+),False,20.58,31.64,25.0,27253822.91058554,STAR
DeMar DeRozan,CHI,33.0,198.12,99.79024,Southern California,USA,2009.0,1.0,9.0,74,24.5,4.6,5.1,1.5,0.013,0.1159999999999999,0.272,0.5920000000000001,0.222,2022-23,2022,Modern (19+),False,20.246400000000005,31.29,25.0,26952342.56865428,STAR
CJ McCollum,NOP,31.0,190.5,86.18248,Lehigh,USA,2013.0,1.0,10.0,75,20.9,4.4,5.7,1.1,0.021,0.104,0.26,0.541,0.242,2022-23,2022,Modern (19+),False,16.771,27.969999999999995,25.0,26626425.58994777,STAR
Jimmy Butler,MIA,33.0,200.66,104.32616,Marquette,USA,2011.0,1.0,30.0,64,22.9,5.9,5.3,1.2,0.068,0.121,0.248,0.647,0.264,2022-23,2022,Modern (19+),False,22.062699999999996,30.74,25.0,26478587.74561945,STAR
Keldon Johnson,SAS,23.0,195.58,99.79024,Kentucky,USA,2019.0,1.0,29.0,63,22.0,5.0,2.9,-11.3,0.025,0.133,0.273,0.551,0.1369999999999999,2022-23,2022,Modern (19+),False,16.4749,27.53,25.0,26207561.547774836,STAR
Mikal Bridges,BKN,26.0,198.12,94.800728,Villanova,USA,2018.0,1.0,10.0,83,20.1,4.4,3.3,0.8,0.026,0.094,0.223,0.5870000000000001,0.141,2022-23,2022,Modern (19+),False,16.318600000000004,25.49,25.0,26155457.72257839,STAR
RaiQuan Gray,BKN,23.0,200.66,122.016248,Florida State,USA,2021.0,2.0,59.0,1,16.0,9.0,7.0,-17.5,0.075,0.176,0.205,0.621,0.35,2022-23,2022,Modern (19+),False,19.872,27.2,25.0,25893413.516145136,STAR
Deandre Ayton,PHX,24.0,213.36,113.398,Arizona,Bahamas,2018.0,1.0,1.0,67,18.0,10.0,1.7,0.0,0.084,0.247,0.231,0.617,0.09,2022-23,2022,Modern (19+),True,18.3249,26.19,25.0,25819998.238246668,STAR
Kevin Porter Jr.,HOU,23.0,193.04,92.079176,Southern California,USA,2019.0,1.0,30.0,59,19.2,5.3,5.7,-8.3,0.036,0.1169999999999999,0.239,0.565,0.26,2022-23,2022,Modern (19+),False,17.063,26.9,25.0,25607824.396481767,STAR
Jerami Grant,POR,29.0,203.2,95.25432,Syracuse,USA,2014.0,2.0,39.0,63,20.5,4.5,2.4,-1.2,0.025,0.104,0.2269999999999999,0.606,0.103,2022-23,2022,Modern (19+),False,16.6044,25.33,25.0,25604320.907199483,STAR
Tyler Herro,MIA,23.0,195.58,88.45044,Kentucky,USA,2019.0,1.0,13.0,67,20.1,5.4,4.2,2.7,0.012,0.154,0.25,0.5660000000000001,0.19,2022-23,2022,Modern (19+),False,16.810200000000002,26.820000000000004,25.0,25531667.297904875,STAR
Kelly Oubre Jr.,CHA,27.0,198.12,92.079176,Kansas,USA,2015.0,1.0,15.0,48,20.3,5.2,1.1,-7.7,0.038,0.121,0.257,0.534,0.057,2022-23,2022,Modern (19+),False,14.204400000000001,24.71,25.0,25482187.5,STAR
Anfernee Simons,POR,24.0,190.5,82.10015200000001,,USA,2018.0,1.0,24.0,62,21.1,2.6,4.1,-1.6,0.008,0.067,0.247,0.581,0.186,2022-23,2022,Modern (19+),False,16.1518,25.790000000000003,25.0,25425649.276990518,STAR
Jordan Clarkson,UTA,31.0,195.58,87.996848,Missouri,USA,2014.0,2.0,46.0,61,20.8,4.0,4.4,0.8,0.036,0.083,0.273,0.5579999999999999,0.209,2022-23,2022,Modern (19+),False,16.2936,26.68,25.0,25398392.375395298,STAR
Jordan Poole,GSW,24.0,193.04,87.996848,Michigan,USA,2019.0,1.0,28.0,82,20.4,2.7,4.5,-0.8,0.013,0.073,0.282,0.573,0.2339999999999999,2022-23,2022,Modern (19+),False,15.814799999999998,25.439999999999998,25.0,25080593.93589138,STAR
Nikola Vucevic,CHI,32.0,208.28,117.93392,Southern California,Montenegro,2011.0,1.0,16.0,82,17.6,11.0,3.2,-0.5,0.062,0.2739999999999999,0.218,0.594,0.146,2022-23,2022,Modern (19+),True,18.8892,27.54,25.0,25063463.593966622,STAR
D'Angelo Russell,LAL,27.0,193.04,87.543256,Ohio State,USA,2015.0,1.0,2.0,71,17.8,3.0,6.2,1.5,0.016,0.075,0.225,0.605,0.2739999999999999,2022-23,2022,Modern (19+),False,16.335,24.24,25.0,24997500.0,STARTER
Myles Turner,IND,27.0,210.82,113.398,Texas,USA,2015.0,1.0,11.0,62,18.0,7.5,1.4,-1.2,0.049,0.205,0.225,0.6509999999999999,0.074,2022-23,2022,Modern (19+),False,17.511899999999997,24.23,25.0,24987187.500000004,STARTER
Cade Cunningham,DET,21.0,200.66,99.79024,Oklahoma State,USA,2021.0,1.0,1.0,12,19.9,6.2,6.0,-6.1,0.027,0.148,0.287,0.492,0.306,2022-23,2022,Modern (19+),False,15.793199999999997,28.439999999999998,25.0,24497431.21292834,STARTER
Jrue Holiday,MIL,33.0,195.58,92.98636,UCLA,USA,2009.0,1.0,17.0,67,19.3,5.1,7.4,9.2,0.035,0.107,0.244,0.586,0.321,2022-23,2022,Modern (19+),False,18.6348,28.05,25.0,24161495.974776372,STARTER
Spencer Dinwiddie,BKN,30.0,195.58,97.52228,Colorado,USA,2014.0,2.0,38.0,79,17.3,3.4,6.5,-0.1,0.01,0.092,0.22,0.573,0.297,2022-23,2022,Modern (19+),False,15.585599999999998,24.23,25.0,23887688.328091513,STARTER
Louis King,PHI,24.0,200.66,92.98636,Oregon,USA,,,,1,20.0,4.0,2.0,5.2,0.067,0.074,0.205,0.7440000000000001,0.091,2022-23,2022,Modern (19+),False,19.344,24.2,25.0,23858112.1559973,STARTER
RJ Barrett,NYK,23.0,198.12,97.068688,Duke,Canada,2019.0,1.0,3.0,73,19.6,5.0,2.8,-1.2,0.023,0.121,0.256,0.531,0.124,2022-23,2022,Modern (19+),True,14.549400000000002,25.060000000000002,25.0,23856211.12921313,STARTER
Aaron Gordon,DEN,27.0,203.2,106.59412,Arizona,USA,2014.0,1.0,4.0,68,16.3,6.6,3.0,12.1,0.086,0.136,0.206,0.617,0.129,2022-23,2022,Modern (19+),False,15.9803,23.020000000000003,25.0,23739375.000000004,STARTER
Christian Wood,DAL,27.0,205.74,97.068688,UNLV,USA,,,,67,16.6,7.3,1.8,-1.3,0.053,0.238,0.259,0.624,0.119,2022-23,2022,Modern (19+),False,16.036800000000003,22.970000000000002,25.0,23687812.5,STARTER
Skylar Mays,POR,25.0,193.04,92.98636,Louisiana State,USA,2020.0,2.0,50.0,6,15.3,3.2,8.3,-16.3,0.01,0.0969999999999999,0.182,0.624,0.368,2022-23,2022,Modern (19+),False,16.723200000000002,23.35,25.0,23602877.74114126,STARTER
Jalen Green,HOU,21.0,193.04,84.368112,,USA,2021.0,1.0,2.0,76,22.1,3.7,3.7,-8.7,0.016,0.093,0.2739999999999999,0.5379999999999999,0.1689999999999999,2022-23,2022,Modern (19+),False,15.870999999999997,27.28,25.0,23498239.22252761,STARTER
Jaren Jackson Jr.,MEM,23.0,208.28,109.769264,Michigan State,USA,2018.0,1.0,4.0,63,18.6,6.8,1.0,9.8,0.0579999999999999,0.159,0.243,0.613,0.048,2022-23,2022,Modern (19+),False,16.1832,24.06,25.0,22904247.397001907,STARTER
Andrew Wiggins,GSW,28.0,200.66,89.357624,Kansas,Canada,2014.0,1.0,1.0,37,17.1,5.0,2.3,5.2,0.05,0.1009999999999999,0.212,0.564,0.1,2022-23,2022,Modern (19+),True,13.7616,22.21,25.0,22789828.011709146,STARTER
Klay Thompson,GSW,33.0,198.12,99.79024,Washington State,USA,2011.0,1.0,11.0,69,21.9,4.1,2.4,2.9,0.017,0.1009999999999999,0.256,0.5760000000000001,0.105,2022-23,2022,Modern (19+),False,16.3584,26.45,25.0,22783300.125947773,STARTER
Jarrett Allen,CLE,25.0,205.74,110.222856,Texas,USA,2017.0,1.0,22.0,68,14.3,9.8,1.7,7.7,0.107,0.21,0.162,0.67,0.073,2022-23,2022,Modern (19+),False,17.286,22.35,25.0,22592047.859293666,STARTER
Wendell Carter Jr.,ORL,24.0,208.28,122.46984,Duke,USA,2018.0,1.0,7.0,57,15.2,8.7,2.3,-0.8,0.074,0.221,0.204,0.621,0.119,2022-23,2022,Modern (19+),False,16.2702,22.9,25.0,22576478.0319148,STARTER
Tyrese Maxey,PHI,22.0,187.96,90.7184,Kentucky,USA,2020.0,1.0,21.0,60,20.3,2.9,3.5,5.4,0.012,0.079,0.236,0.605,0.1669999999999999,2022-23,2022,Modern (19+),False,16.153499999999998,24.78,25.0,22551656.78498522,STARTER
Bobby Portis,MIL,28.0,210.82,113.398,Arkansas,USA,2015.0,1.0,22.0,70,14.1,9.6,1.5,-0.1,0.08,0.263,0.211,0.575,0.087,2022-23,2022,Modern (19+),False,14.489999999999998,21.87,25.0,22440951.76119221,STARTER
Jusuf Nurkic,POR,28.0,213.36,131.54168,,Bosnia and Herzegovina,2014.0,1.0,16.0,52,13.3,9.1,2.9,0.3,0.084,0.258,0.218,0.589,0.16,2022-23,2022,Modern (19+),True,14.901699999999998,21.700000000000003,25.0,22266513.635933746,STARTER
Evan Mobley,CLE,22.0,210.82,97.52228,Southern California,USA,2021.0,1.0,3.0,79,16.2,9.0,2.8,6.5,0.073,0.2,0.1989999999999999,0.591,0.122,2022-23,2022,Modern (19+),False,16.548,24.46,25.0,22260432.807132304,STARTER
LeBron James,LAL,38.0,205.74,113.398,,USA,2003.0,1.0,1.0,55,28.9,8.3,6.8,4.6,0.033,0.191,0.322,0.583,0.308,2022-23,2022,Modern (19+),False,25.651999999999997,39.47,25.0,22227106.29507775,STARTER
Michael Porter Jr.,DEN,25.0,208.28,98.883056,Missouri,USA,2018.0,1.0,14.0,62,17.4,5.5,1.0,10.4,0.038,0.151,0.22,0.621,0.048,2022-23,2022,Modern (19+),False,14.841899999999999,21.95,25.0,22187715.90655463,STARTER
Paolo Banchero,ORL,20.0,208.28,113.398,Duke,USA,2022.0,1.0,1.0,72,20.0,6.9,3.7,-4.2,0.035,0.174,0.272,0.529,0.171,2022-23,2022,Modern (19+),False,16.1874,27.419999999999998,25.0,22132438.389798023,STARTER
Buddy Hield,IND,30.0,193.04,99.79024,Oklahoma,Bahamas,2016.0,1.0,6.0,80,16.8,5.0,2.8,-1.9,0.027,0.132,0.205,0.614,0.131,2022-23,2022,Modern (19+),True,15.1044,22.26,25.0,21945519.693904955,STARTER
O.G. Anunoby,TOR,25.0,200.66,105.233344,Indiana,United Kingdom,2017.0,1.0,23.0,67,16.8,5.0,2.0,3.0,0.037,0.11,0.192,0.586,0.08,2022-23,2022,Modern (19+),True,13.9468,21.7,25.0,21935008.436092727,STARTER
Devin Vassell,SAS,22.0,195.58,90.7184,Florida State,USA,2020.0,1.0,11.0,38,18.5,3.9,3.6,-11.7,0.006,0.125,0.24,0.55,0.173,2022-23,2022,Modern (19+),False,14.3,23.75,25.0,21614279.606271148,STARTER
Jonas Valanciunas,NOP,31.0,210.82,120.20188,,Lithuania,2011.0,1.0,5.0,79,14.1,10.2,1.8,-0.7,0.115,0.293,0.2289999999999999,0.61,0.108,2022-23,2022,Modern (19+),True,15.920999999999998,22.5,25.0,21419183.974752408,STARTER
Jakob Poeltl,TOR,27.0,215.9,111.13004,Utah,Austria,2016.0,1.0,9.0,72,12.5,9.1,2.7,-3.1,0.1169999999999999,0.24,0.18,0.635,0.146,2022-23,2022,Modern (19+),True,15.4305,20.759999999999998,25.0,21408749.999999996,STARTER
Josh Giddey,OKC,20.0,203.2,97.975872,,Australia,2021.0,1.0,6.0,76,16.6,7.9,6.2,-2.2,0.0579999999999999,0.1889999999999999,0.239,0.5329999999999999,0.293,2022-23,2022,Modern (19+),True,16.363099999999996,26.470000000000002,25.0,21365632.537489194,STARTER
Rudy Gobert,MIN,31.0,215.9,117.026736,,France,2013.0,1.0,27.0,70,13.4,11.6,1.2,0.4,0.111,0.26,0.161,0.675,0.0579999999999999,2022-23,2022,Modern (19+),True,17.685000000000002,22.36,25.0,21285909.052242834,STARTER
Bojan Bogdanovic,DET,34.0,200.66,102.511792,,Croatia,2011.0,2.0,31.0,59,21.6,3.8,2.6,-8.2,0.018,0.099,0.251,0.627,0.133,2022-23,2022,Modern (19+),True,17.556,26.080000000000002,25.0,21050838.55601504,STARTER
Markelle Fultz,ORL,25.0,193.04,94.800728,Washington,USA,2017.0,1.0,1.0,60,14.0,3.9,5.7,-3.7,0.038,0.095,0.208,0.564,0.29,2022-23,2022,Modern (19+),False,13.310399999999998,20.72,25.0,20944395.15188209,STARTER
Franz Wagner,ORL,21.0,208.28,99.79024,Michigan,Germany,2021.0,1.0,8.0,80,18.6,4.1,3.5,1.2,0.027,0.098,0.23,0.589,0.1669999999999999,2022-23,2022,Modern (19+),True,15.4318,23.92,25.0,20604027.93998755,STARTER
Clint Capela,ATL,29.0,208.28,116.119552,,Switzerland,2014.0,1.0,25.0,65,12.0,11.0,0.9,-1.1,0.142,0.268,0.151,0.6559999999999999,0.045,2022-23,2022,Modern (19+),True,15.678399999999996,20.33,25.0,20550171.49796153,STARTER
Cameron Johnson,BKN,27.0,203.2,95.25432,North Carolina,USA,2019.0,1.0,11.0,42,15.5,4.4,1.9,6.6,0.0289999999999999,0.12,0.2019999999999999,0.617,0.099,2022-23,2022,Modern (19+),False,13.450599999999998,19.909999999999997,25.0,20532187.499999993,STARTER
P.J. Washington,CHA,24.0,200.66,104.32616,Kentucky,USA,2019.0,1.0,12.0,73,15.7,4.9,2.4,-7.2,0.0279999999999999,0.118,0.2,0.542,0.107,2022-23,2022,Modern (19+),False,12.466000000000001,20.81,25.0,20516004.709351398,STARTER
Kris Dunn,UTA,29.0,190.5,92.98636,Providence,USA,2016.0,1.0,5.0,22,13.2,4.5,5.6,-4.3,0.015,0.148,0.195,0.606,0.315,2022-23,2022,Modern (19+),False,14.119799999999998,20.269999999999996,25.0,20489521.70505067,STARTER
Khris Middleton,MIL,31.0,200.66,100.697424,Texas A&M,USA,2012.0,2.0,39.0,33,15.1,4.2,4.9,6.1,0.034,0.122,0.259,0.551,0.288,2022-23,2022,Modern (19+),False,13.334200000000003,21.47,25.0,20438661.33057485,STARTER
Russell Westbrook,LAC,34.0,190.5,90.7184,UCLA,USA,2008.0,1.0,4.0,73,15.9,5.8,7.5,-0.2,0.042,0.147,0.266,0.513,0.364,2022-23,2022,Modern (19+),False,14.9796,25.21,25.0,20348605.828111164,STARTER
Tobias Harris,PHI,30.0,200.66,102.511792,Tennessee,USA,2011.0,1.0,19.0,74,14.7,5.7,2.5,5.5,0.03,0.15,0.18,0.602,0.114,2022-23,2022,Modern (19+),False,13.785799999999998,20.439999999999998,25.0,20151231.920189455,STARTER
Malcolm Brogdon,BOS,30.0,193.04,103.872568,Virginia,USA,2016.0,2.0,36.0,67,14.9,4.2,3.7,5.1,0.024,0.132,0.223,0.615,0.223,2022-23,2022,Modern (19+),False,14.022,20.43,25.0,20141373.19615805,STARTER
Nic Claxton,BKN,24.0,210.82,97.52228,Georgia,USA,2019.0,2.0,31.0,76,12.6,9.2,1.9,3.7,0.088,0.213,0.155,0.691,0.091,2022-23,2022,Modern (19+),False,16.376699999999996,20.369999999999997,25.0,20082220.851969626,STARTER
Scottie Barnes,TOR,21.0,203.2,102.0582,Florida State,USA,2021.0,1.0,4.0,77,15.3,6.6,4.8,3.2,0.063,0.135,0.2,0.524,0.195,2022-23,2022,Modern (19+),False,13.9908,23.28,25.0,20052749.600456115,STARTER
Gary Trent Jr.,TOR,24.0,195.58,94.800728,Duke,USA,2018.0,2.0,37.0,66,17.4,2.6,1.6,-2.1,0.013,0.073,0.209,0.56,0.075,2022-23,2022,Modern (19+),False,12.096000000000002,20.34,25.0,20052644.67987542,STARTER
Norman Powell,LAC,30.0,193.04,97.52228,UCLA,USA,2015.0,2.0,46.0,60,17.0,2.9,1.8,-3.8,0.015,0.093,0.251,0.612,0.115,2022-23,2022,Modern (19+),False,13.280399999999998,20.290000000000003,25.0,20003351.0597184,STARTER
Immanuel Quickley,NYK,24.0,187.96,86.18248,Kentucky,USA,2020.0,1.0,25.0,81,14.9,4.2,3.4,6.2,0.024,0.11,0.203,0.578,0.178,2022-23,2022,Modern (19+),False,13.004999999999999,20.22,25.0,19934339.991498567,STARTER
De'Andre Hunter,ATL,25.0,203.2,100.243832,Virginia,USA,2019.0,1.0,4.0,67,15.4,4.2,1.4,-0.6,0.021,0.1119999999999999,0.193,0.563,0.059,2022-23,2022,Modern (19+),False,11.822999999999999,19.32,25.0,19529233.317295466,STARTER
Jaden Ivey,DET,21.0,193.04,88.45044,Purdue,USA,2022.0,1.0,5.0,74,16.3,3.9,5.2,-13.0,0.03,0.094,0.251,0.528,0.2689999999999999,2022-23,2022,Modern (19+),False,13.4112,22.67,25.0,19527312.43309021,STARTER
Kevin Huerter,SAC,24.0,200.66,89.811216,Maryland,USA,2018.0,1.0,19.0,75,15.2,3.3,2.9,4.5,0.02,0.1,0.1969999999999999,0.617,0.1369999999999999,2022-23,2022,Modern (19+),False,13.2038,19.54,25.0,19263946.757363107,STARTER
Alperen Sengun,HOU,20.0,210.82,110.222856,,Turkey,2021.0,1.0,16.0,75,14.8,9.0,3.9,-7.8,0.107,0.204,0.211,0.599,0.1989999999999999,2022-23,2022,Modern (19+),True,16.592299999999998,23.830000000000002,25.0,19234719.432125706,STARTER
Tre Jones,SAS,23.0,185.42,83.91452,Duke,USA,2020.0,2.0,41.0,68,12.9,3.6,6.6,-7.8,0.026,0.099,0.1889999999999999,0.534,0.306,2022-23,2022,Modern (19+),False,12.335400000000002,20.04,25.0,19077353.19351281,STARTER
Dillon Brooks,MEM,27.0,198.12,102.0582,Oregon,Canada,2017.0,2.0,45.0,73,14.3,3.3,2.6,4.9,0.019,0.084,0.214,0.494,0.1169999999999999,2022-23,2022,Modern (19+),True,9.978800000000001,18.43,25.0,19005937.5,STARTER
Ivica Zubac,LAC,26.0,213.36,108.86208,,Croatia,2016.0,2.0,32.0,76,10.8,9.9,1.0,-0.6,0.114,0.238,0.149,0.6609999999999999,0.05,2022-23,2022,Modern (19+),True,14.3437,18.43,25.0,18911144.99125617,STARTER
Mac McClung,PHI,24.0,187.96,83.91452,Texas Tech,USA,,,,2,12.5,5.0,4.5,19.6,0.073,0.152,0.243,0.563,0.29,2022-23,2022,Modern (19+),False,12.386,19.15,25.0,18879456.520138357,STARTER
John Collins,ATL,25.0,205.74,102.511792,Wake Forest,USA,2017.0,1.0,19.0,71,13.1,6.5,1.2,-0.2,0.035,0.18,0.168,0.593,0.052,2022-23,2022,Modern (19+),False,12.3344,18.49,25.0,18690244.51536196,STARTER
Steven Adams,MEM,29.0,210.82,120.20188,Pittsburgh,New Zealand,2013.0,1.0,12.0,42,8.6,11.5,2.3,9.7,0.171,0.222,0.139,0.564,0.107,2022-23,2022,Modern (19+),True,12.6336,18.259999999999998,25.0,18457753.642537016,STARTER
Josh Hart,NYK,28.0,193.04,97.52228,Villanova,USA,2017.0,1.0,30.0,76,9.8,7.8,3.8,5.9,0.06,0.185,0.124,0.622,0.154,2022-23,2022,Modern (19+),False,13.3108,17.92,25.0,18387830.61548077,STARTER
Harrison Barnes,SAC,31.0,203.2,102.0582,North Carolina,USA,2012.0,1.0,7.0,82,15.0,4.5,1.6,4.8,0.034,0.107,0.168,0.632,0.063,2022-23,2022,Modern (19+),False,13.3352,19.27,25.0,18344341.11971017,STARTER
Zach Collins,SAS,25.0,210.82,113.398,Gonzaga,USA,2017.0,1.0,10.0,63,11.6,6.4,2.9,-7.5,0.076,0.19,0.209,0.599,0.18,2022-23,2022,Modern (19+),False,12.519099999999998,18.11,25.0,18306129.160259876,STARTER
Marcus Smart,BOS,29.0,193.04,99.79024,Oklahoma State,USA,2014.0,1.0,6.0,61,11.5,3.1,6.3,6.3,0.024,0.073,0.176,0.5379999999999999,0.256,2022-23,2022,Modern (19+),False,11.244199999999998,18.08,25.0,18275804.263804447,STARTER
Malik Monk,SAC,25.0,190.5,90.7184,Kentucky,USA,2017.0,1.0,11.0,77,13.5,2.6,3.9,1.0,0.019,0.0969999999999999,0.247,0.5870000000000001,0.258,2022-23,2022,Modern (19+),False,11.740000000000002,18.05,25.0,18245479.36734902,STARTER
Cole Anthony,ORL,23.0,190.5,83.91452,North Carolina,USA,2020.0,1.0,15.0,60,13.0,4.8,3.9,-0.1,0.03,0.152,0.209,0.57,0.228,2022-23,2022,Modern (19+),False,12.368999999999998,19.09,25.0,18172987.647912152,STARTER
Luguentz Dort,OKC,24.0,193.04,99.79024,Arizona State,Canada,,,,74,13.7,4.6,2.1,0.9,0.053,0.092,0.1939999999999999,0.513,0.09,2022-23,2022,Modern (19+),True,10.4652,18.389999999999997,25.0,18130193.493751664,STARTER
Derrick White,BOS,28.0,193.04,86.18248,Colorado,USA,2017.0,1.0,29.0,82,12.4,3.6,3.9,11.0,0.023,0.098,0.174,0.604,0.191,2022-23,2022,Modern (19+),False,12.019599999999999,17.65,25.0,18110781.828305557,STARTER
Caris LeVert,CLE,28.0,198.12,92.98636,Michigan,USA,2016.0,1.0,20.0,74,12.1,3.8,3.9,4.5,0.024,0.105,0.183,0.546,0.182,2022-23,2022,Modern (19+),False,10.810799999999999,17.49,25.0,17946604.769238763,STARTER
Saddiq Bey,ATL,24.0,200.66,97.52228,Villanova,USA,2020.0,1.0,19.0,77,13.8,4.7,1.5,-3.1,0.044,0.127,0.1939999999999999,0.564,0.08,2022-23,2022,Modern (19+),False,11.28,18.14,25.0,17883725.39296657,STARTER
Bogdan Bogdanovic,ATL,30.0,195.58,102.0582,,Serbia,2014.0,1.0,27.0,54,14.0,3.1,2.8,1.2,0.015,0.093,0.196,0.586,0.134,2022-23,2022,Modern (19+),True,11.6614,18.130000000000003,25.0,17873866.66893517,STARTER
Jalen Williams,OKC,22.0,195.58,95.707912,Santa Clara,USA,2022.0,1.0,12.0,75,14.1,4.5,3.3,-1.0,0.035,0.109,0.18,0.601,0.152,2022-23,2022,Modern (19+),False,13.161900000000001,19.56,25.0,17801065.64625952,STARTER
Bennedict Mathurin,IND,21.0,195.58,95.25432,Arizona,Canada,2022.0,1.0,6.0,78,16.7,4.1,1.5,-4.3,0.037,0.103,0.235,0.5660000000000001,0.078,2022-23,2022,Modern (19+),True,12.6218,20.62,25.0,17761499.00177857,STARTER
Gordon Hayward,CHA,33.0,200.66,102.0582,Butler,USA,2010.0,1.0,9.0,50,14.7,4.3,4.1,-3.3,0.02,0.1119999999999999,0.196,0.563,0.187,2022-23,2022,Modern (19+),False,13.0053,20.580000000000002,25.0,17727044.105557855,STARTER
Dennis Schroder,LAL,29.0,185.42,78.017824,,Germany,2013.0,1.0,17.0,66,12.6,2.5,4.5,2.8,0.011,0.067,0.183,0.545,0.2019999999999999,2022-23,2022,Modern (19+),True,10.682000000000002,17.5,25.0,17689522.932332844,STARTER
Kelly Olynyk,UTA,32.0,210.82,108.86208,Gonzaga,Canada,2013.0,1.0,13.0,68,12.5,6.2,3.7,0.4,0.042,0.1639999999999999,0.176,0.643,0.173,2022-23,2022,Modern (19+),True,14.4032,19.43,25.0,17682755.905256774,STARTER
Austin Reaves,LAL,25.0,195.58,89.357624,Oklahoma,USA,,,,64,13.0,3.0,3.4,4.9,0.018,0.079,0.154,0.687,0.155,2022-23,2022,Modern (19+),False,13.3278,17.48,25.0,17669306.334695894,STARTER
Collin Sexton,UTA,24.0,187.96,86.18248,Alabama,USA,2018.0,1.0,8.0,48,14.3,2.2,2.9,0.1,0.032,0.0559999999999999,0.23,0.616,0.178,2022-23,2022,Modern (19+),False,11.950399999999998,17.87,25.0,17617539.84411867,STARTER
Tim Hardaway Jr.,DAL,31.0,195.58,92.98636,Michigan,USA,2013.0,1.0,24.0,71,14.4,3.5,1.8,3.4,0.01,0.108,0.201,0.5539999999999999,0.088,2022-23,2022,Modern (19+),False,10.913799999999998,18.110000000000003,25.0,17240063.190345164,STARTER
Bruce Brown,DEN,26.0,193.04,91.625584,Miami,USA,2018.0,2.0,42.0,80,11.5,4.1,3.4,0.8,0.0289999999999999,0.1159999999999999,0.174,0.5710000000000001,0.1639999999999999,2022-23,2022,Modern (19+),False,10.849000000000002,16.75,25.0,17187285.871054847,STARTER
Trey Murphy III,NOP,23.0,203.2,93.439952,Virginia,USA,2021.0,1.0,17.0,79,14.5,3.6,1.4,0.5,0.025,0.092,0.159,0.65,0.063,2022-23,2022,Modern (19+),False,12.675,18.0,25.0,17135347.179801926,STARTER
Marvin Bagley III,DET,24.0,208.28,106.59412,Duke,USA,2018.0,1.0,2.0,42,12.0,6.4,0.9,-10.6,0.091,0.179,0.2019999999999999,0.5870000000000001,0.0579999999999999,2022-23,2022,Modern (19+),False,11.3291,17.11,25.0,16868276.817731973,STARTER
Monte Morris,WAS,28.0,187.96,83.007336,Iowa State,USA,2017.0,2.0,51.0,62,10.3,3.4,5.3,0.1,0.016,0.106,0.155,0.579,0.249,2022-23,2022,Modern (19+),False,11.001,16.39,25.0,16817887.488154564,STARTER
Kyle Anderson,MIN,29.0,205.74,104.32616,UCLA,USA,2014.0,1.0,30.0,69,9.4,5.3,4.9,2.3,0.035,0.152,0.143,0.583,0.225,2022-23,2022,Modern (19+),False,11.4268,16.54,25.0,16719126.24575916,STARTER
Malik Beasley,LAL,26.0,193.04,84.821704,Florida State,USA,2016.0,1.0,19.0,81,12.7,3.5,1.5,-2.2,0.016,0.1159999999999999,0.207,0.531,0.086,2022-23,2022,Modern (19+),False,9.3987,16.2,25.0,16622927.230512746,STARTER
Mason Plumlee,LAC,33.0,213.36,115.212368,Duke,USA,2013.0,1.0,22.0,79,10.8,8.9,3.1,-5.9,0.105,0.238,0.149,0.6890000000000001,0.166,2022-23,2022,Modern (19+),False,15.709200000000004,19.200000000000003,25.0,16538350.185943188,STARTER
Isaiah Stewart,DET,22.0,203.2,113.398,Washington,USA,2020.0,1.0,16.0,50,11.3,8.1,1.4,-8.0,0.078,0.2019999999999999,0.17,0.56,0.073,2022-23,2022,Modern (19+),False,11.648,17.95,25.0,16335845.007687034,STARTER
Shaquille Harrison,LAL,29.0,193.04,88.45044,Tulsa,USA,,,,5,8.8,4.4,6.0,-0.4,0.008,0.184,0.162,0.516,0.306,2022-23,2022,Modern (19+),False,9.907200000000001,16.08,25.0,16254144.500109265,STARTER
Tyus Jones,MEM,27.0,187.96,88.904032,Duke,USA,2015.0,1.0,24.0,80,10.3,2.5,5.2,2.0,0.0139999999999999,0.084,0.175,0.546,0.286,2022-23,2022,Modern (19+),False,9.828000000000001,15.690000000000001,25.0,16180312.5,STARTER
Brook Lopez,MIL,35.0,215.9,127.912944,Stanford,USA,2008.0,1.0,10.0,78,15.9,6.7,1.3,7.1,0.064,0.135,0.187,0.63,0.06,2022-23,2022,Modern (19+),False,15.057000000000002,21.5,25.0,16100085.681368241,STARTER
Kenyon Martin Jr.,HOU,22.0,200.66,97.52228,,USA,2020.0,2.0,52.0,82,12.7,5.5,1.5,-8.0,0.052,0.143,0.16,0.635,0.079,2022-23,2022,Modern (19+),False,12.5095,17.599999999999998,25.0,16017318.781910403,STARTER
Ben Simmons,BKN,26.0,208.28,108.86208,Louisiana State,Australia,2016.0,1.0,1.0,42,6.9,6.3,6.1,2.1,0.04,0.186,0.142,0.5589999999999999,0.295,2022-23,2022,Modern (19+),True,10.788699999999997,15.579999999999998,25.0,15986741.126628924,STARTER
Draymond Green,GSW,33.0,198.12,104.32616,Michigan State,USA,2012.0,2.0,35.0,73,8.5,7.2,6.8,7.0,0.0289999999999999,0.185,0.129,0.5920000000000001,0.268,2022-23,2022,Modern (19+),False,13.320000000000002,18.299999999999997,25.0,15763115.020977095,STARTER
Kevon Looney,GSW,27.0,205.74,100.697424,UCLA,USA,2015.0,1.0,30.0,82,7.0,9.3,2.5,4.4,0.135,0.2339999999999999,0.104,0.639,0.136,2022-23,2022,Modern (19+),False,12.013200000000001,15.26,25.0,15736874.999999998,STARTER
Alec Burks,DET,31.0,198.12,97.068688,Colorado,USA,2011.0,1.0,12.0,51,12.8,3.1,2.2,-1.0,0.017,0.124,0.218,0.602,0.15,2022-23,2022,Modern (19+),False,10.8962,16.51,25.0,15716921.218807211,STARTER
Max Strus,MIA,27.0,195.58,97.52228,DePaul,USA,,,,80,11.5,3.2,2.1,-3.8,0.021,0.0969999999999999,0.17,0.557,0.115,2022-23,2022,Modern (19+),False,9.357600000000001,15.21,25.0,15685312.5,STARTER
John Wall,LAC,32.0,190.5,95.25432,Kentucky,USA,2010.0,1.0,1.0,34,11.4,2.7,5.2,-6.6,0.018,0.096,0.259,0.497,0.38,2022-23,2022,Modern (19+),False,9.5921,16.93,25.0,15407568.578280864,STARTER
Donte DiVincenzo,GSW,26.0,193.04,92.079176,Villanova,USA,2018.0,1.0,17.0,72,9.4,4.5,3.5,2.9,0.0409999999999999,0.123,0.146,0.593,0.176,2022-23,2022,Modern (19+),False,10.3182,15.0,25.0,15391599.287511803,STARTER
Cameron Payne,PHX,28.0,185.42,83.007336,Murray State,USA,2015.0,1.0,14.0,48,10.3,2.2,4.5,4.1,0.012,0.1,0.239,0.512,0.308,2022-23,2022,Modern (19+),False,8.704,14.99,25.0,15381338.221320128,STARTER
Brandon Clarke,MEM,26.0,203.2,97.52228,Gonzaga,Canada,2019.0,1.0,21.0,56,10.0,5.5,1.3,0.7,0.079,0.177,0.174,0.6809999999999999,0.1,2022-23,2022,Modern (19+),True,11.4408,14.76,25.0,15145333.698911617,STARTER
Rui Hachimura,LAL,25.0,203.2,104.32616,Gonzaga,Japan,2019.0,1.0,9.0,63,11.2,4.5,0.9,-1.2,0.036,0.141,0.1939999999999999,0.556,0.06,2022-23,2022,Modern (19+),True,9.2296,14.98,25.0,15142231.630076919,STARTER
Jabari Smith Jr.,HOU,20.0,210.82,99.79024,Auburn,USA,2022.0,1.0,3.0,79,12.8,7.2,1.3,-11.3,0.047,0.18,0.183,0.514,0.059,2022-23,2022,Modern (19+),False,10.9482,18.75,25.0,15134326.03241112,STARTER
Moritz Wagner,ORL,26.0,210.82,111.13004,Michigan,Germany,2018.0,1.0,25.0,57,10.5,4.5,1.5,-1.1,0.06,0.172,0.201,0.63,0.115,2022-23,2022,Modern (19+),True,10.395,14.7,25.0,15083767.301761566,STARTER
Robert Williams III,BOS,25.0,205.74,107.501304,Texas A&M,USA,2018.0,1.0,27.0,35,8.0,8.3,1.4,11.4,0.124,0.209,0.113,0.742,0.086,2022-23,2022,Modern (19+),False,13.1334,14.790000000000001,25.0,14950173.952525876,ROTATION
De'Anthony Melton,PHI,25.0,187.96,90.7184,Southern California,USA,2018.0,2.0,46.0,77,10.1,4.1,2.6,2.7,0.034,0.114,0.162,0.5660000000000001,0.133,2022-23,2022,Modern (19+),False,9.5088,14.79,25.0,14950173.952525875,ROTATION
Naz Reid,MIN,23.0,205.74,119.748288,Louisiana State,USA,,,,68,11.5,4.9,1.1,-4.2,0.0579999999999999,0.205,0.242,0.617,0.098,2022-23,2022,Modern (19+),False,10.7975,15.7,25.0,14945830.595716124,ROTATION
Keegan Murray,SAC,22.0,203.2,102.0582,Iowa,USA,2022.0,1.0,4.0,80,12.2,4.6,1.2,1.7,0.038,0.123,0.156,0.597,0.053,2022-23,2022,Modern (19+),False,10.745999999999997,16.259999999999998,25.0,14797818.374651315,ROTATION
Mitchell Robinson,NYK,25.0,213.36,108.86208,Western Kentucky,USA,2018.0,2.0,36.0,59,7.4,9.4,0.9,7.3,0.1639999999999999,0.178,0.1009999999999999,0.652,0.044,2022-23,2022,Modern (19+),False,11.5404,14.610000000000001,25.0,14768224.57379331,ROTATION
Grayson Allen,MIL,27.0,193.04,89.811216,Duke,USA,2018.0,1.0,21.0,72,10.4,3.3,2.3,4.9,0.03,0.0819999999999999,0.143,0.612,0.107,2022-23,2022,Modern (19+),False,9.792,14.32,25.0,14767500.000000002,ROTATION
Royce O'Neale,BKN,30.0,198.12,102.511792,Baylor,USA,,,,76,8.8,5.1,3.7,2.1,0.025,0.129,0.136,0.5379999999999999,0.155,2022-23,2022,Modern (19+),False,9.4688,14.96,25.0,14748651.15098015,ROTATION
Jaden McDaniels,MIN,22.0,205.74,83.91452,Washington,USA,2020.0,1.0,28.0,79,12.1,3.9,1.9,2.0,0.039,0.086,0.156,0.611,0.0819999999999999,2022-23,2022,Modern (19+),False,10.9369,16.16,25.0,14706810.881572284,ROTATION
Jarred Vanderbilt,LAL,24.0,203.2,97.068688,Kentucky,USA,2018.0,2.0,41.0,78,7.9,7.5,2.4,-1.5,0.09,0.216,0.136,0.604,0.134,2022-23,2022,Modern (19+),False,10.7512,14.83,25.0,14620487.7385719,ROTATION
Caleb Martin,MIA,27.0,195.58,92.98636,Nevada,USA,,,,71,9.6,4.8,1.6,0.0,0.044,0.13,0.143,0.5710000000000001,0.0819999999999999,2022-23,2022,Modern (19+),False,9.136,14.079999999999998,25.0,14520000.0,ROTATION
Victor Oladipo,MIA,31.0,190.5,96.615096,Indiana,USA,2013.0,1.0,2.0,42,10.7,3.0,3.5,-1.5,0.0139999999999999,0.109,0.204,0.513,0.206,2022-23,2022,Modern (19+),False,8.823599999999999,15.249999999999998,25.0,14517446.916221075,ROTATION
Dennis Smith Jr.,CHA,25.0,187.96,92.98636,North Carolina State,USA,2017.0,1.0,9.0,54,8.8,3.1,4.8,-2.6,0.018,0.093,0.175,0.475,0.275,2022-23,2022,Modern (19+),False,7.932499999999999,14.33,25.0,14485192.206875985,ROTATION
Killian Hayes,DET,21.0,195.58,88.45044,,France,2020.0,1.0,7.0,76,10.3,2.9,6.2,-10.9,0.012,0.092,0.201,0.455,0.325,2022-23,2022,Modern (19+),True,8.827000000000002,16.67,25.0,14359077.999982962,ROTATION
Thomas Bryant,DEN,25.0,208.28,112.490816,Indiana,USA,2017.0,2.0,42.0,59,9.8,5.7,0.5,-4.7,0.081,0.223,0.181,0.682,0.042,2022-23,2022,Modern (19+),False,10.912,14.14,25.0,14293134.529324941,ROTATION
Quentin Grimes,NYK,23.0,195.58,95.25432,Houston,USA,2021.0,1.0,25.0,71,11.3,3.2,2.1,4.4,0.022,0.085,0.142,0.619,0.096,2022-23,2022,Modern (19+),False,10.275400000000001,15.010000000000002,25.0,14288975.620490385,ROTATION
Bones Hyland,LAC,22.0,187.96,76.657048,Virginia Commonwealth,USA,2021.0,1.0,26.0,56,11.8,2.4,3.1,-5.3,0.019,0.111,0.271,0.535,0.245,2022-23,2022,Modern (19+),False,9.255500000000001,15.65,25.0,14242672.666869199,ROTATION
Onyeka Okongwu,ATL,22.0,205.74,108.86208,Southern California,USA,2020.0,1.0,6.0,80,9.9,7.2,1.0,1.8,0.1169999999999999,0.19,0.15,0.6779999999999999,0.06,2022-23,2022,Modern (19+),False,12.271799999999999,15.64,25.0,14233571.917561295,ROTATION
Deni Avdija,WAS,22.0,205.74,95.25432,,Israel,2020.0,1.0,9.0,76,9.2,6.4,2.8,-0.8,0.038,0.196,0.165,0.535,0.142,2022-23,2022,Modern (19+),True,9.844,15.639999999999999,25.0,14233571.917561295,ROTATION
Herbert Jones,NOP,24.0,200.66,93.439952,Alabama,USA,2021.0,2.0,35.0,66,9.8,4.1,2.5,3.9,0.051,0.089,0.144,0.5670000000000001,0.108,2022-23,2022,Modern (19+),False,9.2988,14.42,25.0,14216280.053284343,ROTATION
Talen Horton-Tucker,UTA,22.0,193.04,106.140528,Iowa State,USA,2019.0,2.0,46.0,65,10.7,3.2,3.8,0.1,0.03,0.1169999999999999,0.25,0.508,0.2739999999999999,2022-23,2022,Modern (19+),False,8.9916,15.6,25.0,14197168.920329677,ROTATION
Kentavious Caldwell-Pope,DEN,30.0,195.58,92.532768,Georgia,USA,2013.0,1.0,8.0,76,10.8,2.7,2.4,9.8,0.016,0.074,0.136,0.598,0.092,2022-23,2022,Modern (19+),False,9.5082,14.370000000000001,25.0,14166986.433127323,ROTATION
Jae'Sean Tate,HOU,27.0,195.58,104.32616,Ohio State,USA,,,,31,9.1,3.8,2.7,-7.3,0.054,0.114,0.178,0.546,0.184,2022-23,2022,Modern (19+),False,8.5176,13.65,25.0,14076562.499999998,ROTATION
Josh Richardson,NOP,29.0,198.12,90.7184,Tennessee,USA,2015.0,2.0,40.0,65,10.1,2.7,2.7,-5.2,0.026,0.087,0.18,0.555,0.16,2022-23,2022,Modern (19+),False,8.602500000000001,13.88,25.0,14030318.760044567,ROTATION
Jeenathan Williams,POR,24.0,195.58,92.98636,Buffalo,USA,,,,5,10.6,3.0,2.0,-11.0,0.07,0.039,0.139,0.657,0.1,2022-23,2022,Modern (19+),False,10.2492,14.1,25.0,13900800.884279419,ROTATION
T.J. McConnell,IND,31.0,185.42,86.18248,Arizona,USA,2015.0,,,75,8.7,3.1,5.3,-2.4,0.0279999999999999,0.123,0.182,0.59,0.39,2022-23,2022,Modern (19+),False,10.088999999999999,14.579999999999998,25.0,13879631.215639556,ROTATION
Andrew Nembhard,IND,23.0,190.5,86.636072,Gonzaga,Canada,2022.0,2.0,31.0,75,9.5,2.7,4.5,-5.9,0.016,0.078,0.159,0.528,0.222,2022-23,2022,Modern (19+),True,8.8176,14.540000000000001,25.0,13841552.666351113,ROTATION
Mike Conley,MIN,35.0,185.42,79.3786,Ohio State,USA,2007.0,1.0,4.0,67,11.9,2.7,6.7,1.3,0.016,0.075,0.161,0.583,0.295,2022-23,2022,Modern (19+),False,12.4179,18.48,25.0,13838585.274031866,ROTATION
Keita Bates-Diop,SAS,27.0,203.2,103.872568,Ohio State,USA,2018.0,2.0,48.0,67,9.7,3.7,1.5,-8.5,0.042,0.13,0.165,0.609,0.099,2022-23,2022,Modern (19+),False,9.0741,13.34,25.0,13756875.0,ROTATION
Corey Kispert,WAS,24.0,198.12,101.604608,Gonzaga,USA,2021.0,1.0,15.0,74,11.1,2.8,1.2,-3.2,0.016,0.0819999999999999,0.139,0.657,0.0559999999999999,2022-23,2022,Modern (19+),False,9.920699999999998,13.899999999999999,25.0,13703626.403651342,ROTATION
Luka Samanic,UTA,23.0,208.28,102.965384,,Croatia,2019.0,1.0,19.0,7,9.9,4.3,2.1,-1.7,0.0,0.161,0.193,0.55,0.115,2022-23,2022,Modern (19+),True,8.965000000000002,14.38,25.0,13689238.469197316,ROTATION
Jalen McDaniels,PHI,25.0,205.74,92.98636,San Diego State,USA,2019.0,2.0,52.0,80,9.4,4.3,1.6,-3.4,0.031,0.145,0.165,0.557,0.094,2022-23,2022,Modern (19+),False,8.5221,13.53,25.0,13676528.301397908,ROTATION
Lonnie Walker IV,LAL,24.0,193.04,92.532768,Miami,USA,2018.0,1.0,18.0,56,11.7,1.9,1.1,-7.3,0.011,0.069,0.198,0.57,0.071,2022-23,2022,Modern (19+),False,8.379,13.799999999999999,25.0,13605039.163337301,ROTATION
Walker Kessler,UTA,21.0,213.36,111.13004,Auburn,USA,2022.0,1.0,22.0,74,9.2,8.4,0.9,3.0,0.133,0.205,0.13,0.7020000000000001,0.057,2022-23,2022,Modern (19+),False,12.987000000000002,15.709999999999999,25.0,13532160.490685804,ROTATION
Naji Marshall,NOP,25.0,200.66,99.79024,Xavier,USA,,,,77,9.1,3.6,2.5,-0.1,0.027,0.132,0.172,0.539,0.147,2022-23,2022,Modern (19+),False,8.1928,13.37,25.0,13514795.520302296,ROTATION
Daniel Gafford,WAS,24.0,208.28,106.140528,Arkansas,USA,2019.0,2.0,38.0,78,9.0,5.6,1.1,-2.5,0.103,0.159,0.146,0.7390000000000001,0.074,2022-23,2022,Modern (19+),False,11.602300000000001,13.69,25.0,13496593.198991861,ROTATION
Jalen Smith,IND,23.0,205.74,97.52228,Maryland,USA,2020.0,1.0,10.0,68,9.4,5.8,1.0,-3.8,0.093,0.201,0.201,0.565,0.076,2022-23,2022,Modern (19+),False,9.152999999999999,14.16,25.0,13479806.448110849,ROTATION
Precious Achiuwa,TOR,23.0,203.2,102.0582,Memphis,Nigeria,2020.0,1.0,20.0,55,9.2,6.0,0.9,-1.6,0.083,0.213,0.19,0.5539999999999999,0.063,2022-23,2022,Modern (19+),True,8.919399999999998,14.03,25.0,13356051.162923392,ROTATION
Jaylen Nowell,MIN,23.0,193.04,91.171992,Washington,USA,2019.0,2.0,43.0,65,10.8,2.6,2.0,0.0,0.0279999999999999,0.107,0.238,0.527,0.156,2022-23,2022,Modern (19+),False,8.1158,14.020000000000001,25.0,13346531.525601277,ROTATION
Chris Boucher,TOR,30.0,205.74,90.7184,Oregon,Saint Lucia,,,,76,9.4,5.5,0.4,-1.3,0.094,0.19,0.175,0.59,0.0289999999999999,2022-23,2022,Modern (19+),True,9.027,13.53,25.0,13338853.614489397,ROTATION
James Wiseman,DET,22.0,213.36,108.86208,Memphis,USA,2020.0,1.0,2.0,45,10.0,5.9,0.7,-17.2,0.084,0.231,0.212,0.589,0.057,2022-23,2022,Modern (19+),False,9.7774,14.62,25.0,13305295.488155121,ROTATION
Jeremy Sochan,SAS,20.0,203.2,104.32616,Baylor,Poland,2022.0,1.0,9.0,56,11.0,5.3,2.5,-7.0,0.06,0.14,0.195,0.509,0.132,2022-23,2022,Modern (19+),True,9.5692,16.46,25.0,13285920.34631931,ROTATION
Nick Richards,CHA,25.0,213.36,111.13004,Kentucky,Jamaica,2020.0,2.0,42.0,65,8.2,6.4,0.6,-4.5,0.113,0.21,0.151,0.6759999999999999,0.046,2022-23,2022,Modern (19+),True,10.275199999999998,13.1,25.0,13241871.452203447,ROTATION
Bol Bol,ORL,23.0,218.44,99.79024,Oregon,Sudan,2019.0,2.0,44.0,70,9.1,5.8,1.0,-4.4,0.046,0.22,0.177,0.603,0.069,2022-23,2022,Modern (19+),True,9.587699999999998,13.86,25.0,13194217.328447483,ROTATION
Kenrich Williams,OKC,28.0,198.12,95.25432,TCU,USA,,,,53,8.0,4.9,2.0,4.1,0.075,0.1369999999999999,0.134,0.585,0.1169999999999999,2022-23,2022,Modern (19+),False,8.7165,12.83,25.0,13164947.923918428,ROTATION
Marcus Morris Sr.,LAC,33.0,203.2,98.883056,Kansas,USA,2011.0,1.0,14.0,65,11.2,4.0,1.8,-0.3,0.017,0.127,0.176,0.534,0.09,2022-23,2022,Modern (19+),False,9.078000000000001,15.26,25.0,13144542.908202762,ROTATION
Terance Mann,LAC,26.0,195.58,97.52228,Florida State,USA,2019.0,2.0,48.0,81,8.8,3.4,2.3,0.3,0.042,0.107,0.149,0.619,0.139,2022-23,2022,Modern (19+),False,8.9755,12.79,25.0,13123903.65915173,ROTATION
Justise Winslow,POR,27.0,198.12,100.697424,Duke,USA,2015.0,1.0,10.0,29,6.8,5.0,3.4,-2.6,0.062,0.123,0.139,0.466,0.177,2022-23,2022,Modern (19+),False,7.083200000000001,12.68,25.0,13076249.999999998,ROTATION
Coby White,CHI,23.0,195.58,88.45044,North Carolina,USA,2019.0,1.0,7.0,74,9.7,2.9,2.8,4.0,0.009,0.11,0.17,0.5720000000000001,0.159,2022-23,2022,Modern (19+),False,8.8088,13.689999999999998,25.0,13032383.493971575,ROTATION
Chris Paul,PHX,38.0,182.88,79.3786,Wake Forest,USA,2005.0,1.0,4.0,59,13.9,4.3,8.9,2.3,0.0139999999999999,0.118,0.195,0.555,0.389,2022-23,2022,Modern (19+),False,15.040500000000002,23.14,25.0,13031042.302206714,ROTATION
Gabe Vincent,MIA,27.0,187.96,90.7184,California-Santa Barbara,USA,,,,68,9.4,2.1,2.5,-0.7,0.016,0.071,0.17,0.5329999999999999,0.139,2022-23,2022,Modern (19+),False,7.461999999999999,12.620000000000001,25.0,13014375.0,ROTATION
Aaron Nesmith,IND,23.0,195.58,97.52228,Vanderbilt,USA,2020.0,1.0,14.0,73,10.1,3.8,1.3,-4.7,0.033,0.119,0.168,0.5660000000000001,0.073,2022-23,2022,Modern (19+),False,8.603200000000001,13.67,25.0,13013344.219327353,ROTATION
Tari Eason,HOU,22.0,203.2,97.52228,Louisiana State,USA,2022.0,1.0,17.0,82,9.3,6.0,1.1,-4.8,0.1009999999999999,0.172,0.184,0.525,0.075,2022-23,2022,Modern (19+),False,8.610000000000001,14.27,25.0,12986769.262378493,ROTATION
Jose Alvarado,NOP,25.0,182.88,81.19296800000001,Georgia Tech,USA,,,,61,9.0,2.3,3.0,3.7,0.022,0.087,0.191,0.525,0.1989999999999999,2022-23,2022,Modern (19+),False,7.5075,12.709999999999999,25.0,12847647.798282884,ROTATION
Jalen Suggs,ORL,22.0,195.58,92.98636,Gonzaga,USA,2021.0,1.0,5.0,53,9.9,3.0,2.9,-1.3,0.044,0.083,0.196,0.528,0.179,2022-23,2022,Modern (19+),False,8.342400000000001,14.03,25.0,12768351.278988807,ROTATION
Shake Milton,PHI,26.0,195.58,92.98636,Southern Methodist,USA,2018.0,2.0,54.0,76,8.4,2.5,3.2,3.9,0.026,0.096,0.175,0.575,0.213,2022-23,2022,Modern (19+),False,8.1075,12.39,25.0,12713461.01148475,ROTATION
Luke Kennard,MEM,27.0,195.58,93.439952,Duke,USA,2017.0,1.0,12.0,59,9.3,2.7,1.5,7.3,0.012,0.104,0.144,0.684,0.091,2022-23,2022,Modern (19+),False,9.234,12.240000000000002,25.0,12622500.000000002,ROTATION
Eric Gordon,LAC,34.0,190.5,97.52228,Indiana,USA,2008.0,1.0,7.0,69,12.4,1.9,2.7,-5.8,0.008,0.059,0.171,0.5870000000000001,0.133,2022-23,2022,Modern (19+),False,9.979000000000001,15.620000000000001,25.0,12607902.540067295,ROTATION
Dorian Finney-Smith,BKN,30.0,200.66,99.79024,Florida,USA,,,,66,8.3,4.8,1.5,-0.3,0.055,0.105,0.129,0.523,0.07,2022-23,2022,Modern (19+),False,7.6358000000000015,12.71,25.0,12530438.243914286,ROTATION
Grant Williams,BOS,24.0,198.12,107.047712,Tennessee,USA,2019.0,1.0,22.0,79,8.1,4.6,1.7,5.9,0.042,0.134,0.128,0.605,0.086,2022-23,2022,Modern (19+),False,8.712,12.51,25.0,12333263.763286209,ROTATION
Mark Williams,CHA,21.0,213.36,108.86208,Duke,USA,2022.0,1.0,15.0,43,9.0,7.1,0.4,-4.7,0.106,0.2319999999999999,0.168,0.659,0.033,2022-23,2022,Modern (19+),False,10.8735,14.249999999999998,25.0,12274556.778629707,ROTATION
Hamidou Diallo,DET,24.0,195.58,91.625584,Kentucky,USA,2018.0,2.0,45.0,56,9.3,3.5,1.0,-0.6,0.0559999999999999,0.136,0.21,0.593,0.088,2022-23,2022,Modern (19+),False,8.1834,12.45,25.0,12274111.419097785,ROTATION
Doug McDermott,SAS,31.0,198.12,102.0582,Creighton,USA,2014.0,1.0,11.0,64,10.2,2.2,1.4,-9.7,0.016,0.085,0.186,0.59,0.098,2022-23,2022,Modern (19+),False,8.142,12.719999999999999,25.0,12108978.673726693,ROTATION
Reggie Jackson,DEN,33.0,187.96,94.347136,Boston College,USA,2011.0,1.0,24.0,68,10.2,2.1,3.4,-2.2,0.015,0.071,0.205,0.514,0.211,2022-23,2022,Modern (19+),False,8.069799999999999,14.05,25.0,12102282.297526134,ROTATION
Jordan Nwora,IND,24.0,205.74,102.0582,Louisville,USA,2020.0,2.0,45.0,62,8.7,3.7,1.4,-10.2,0.0409999999999999,0.147,0.187,0.561,0.107,2022-23,2022,Modern (19+),False,7.7418000000000005,12.27,25.0,12096654.386532517,ROTATION
Santi Aldama,MEM,22.0,213.36,97.52228,Loyola-Maryland,Spain,2021.0,1.0,30.0,77,9.0,4.8,1.3,2.6,0.047,0.162,0.157,0.591,0.076,2022-23,2022,Modern (19+),True,8.924100000000001,13.27,25.0,12076694.33158813,ROTATION
Jalen Duren,DET,19.0,210.82,113.398,Memphis,USA,2022.0,1.0,13.0,67,9.1,8.9,1.1,-8.3,0.13,0.221,0.139,0.655,0.069,2022-23,2022,Modern (19+),False,12.510500000000002,16.099999999999998,25.0,12056343.231164124,ROTATION
Delon Wright,WAS,31.0,195.58,83.91452,Utah,USA,2015.0,1.0,20.0,50,7.4,3.6,3.9,3.2,0.05,0.0969999999999999,0.125,0.581,0.209,2022-23,2022,Modern (19+),False,8.6569,12.65,25.0,12042341.212471908,ROTATION
Taurean Prince,MIN,29.0,198.12,98.883056,Baylor,USA,2016.0,1.0,12.0,54,9.1,2.4,1.6,0.9,0.013,0.096,0.165,0.597,0.094,2022-23,2022,Modern (19+),False,7.8206999999999995,11.899999999999999,25.0,12028875.593986334,ROTATION
Patrick Williams,CHI,21.0,200.66,97.52228,Florida State,USA,2020.0,1.0,4.0,82,10.2,4.0,1.2,-2.4,0.036,0.107,0.156,0.5760000000000001,0.059,2022-23,2022,Modern (19+),False,8.8704,13.84,25.0,11921394.09236738,ROTATION
Landry Shamet,PHX,26.0,193.04,86.18248,Wichita State,USA,2018.0,1.0,26.0,40,8.7,1.7,2.3,2.2,0.013,0.07,0.186,0.537,0.1669999999999999,2022-23,2022,Modern (19+),False,6.8199,11.499999999999998,25.0,11800226.120425714,ROTATION
Jevon Carter,MIL,27.0,185.42,90.7184,West Virginia,USA,2018.0,2.0,32.0,81,8.0,2.5,2.4,1.9,0.018,0.084,0.149,0.56,0.15,2022-23,2022,Modern (19+),False,7.224000000000001,11.43,25.0,11787187.499999998,ROTATION
Ayo Dosunmu,CHI,23.0,195.58,90.7184,Illinois,USA,2021.0,2.0,38.0,80,8.6,2.8,2.6,-1.3,0.022,0.081,0.145,0.5670000000000001,0.135,2022-23,2022,Modern (19+),False,7.938,12.379999999999999,25.0,11785311.004774878,ROTATION
Larry Nance Jr.,NOP,30.0,203.2,111.13004,Wyoming,USA,2015.0,1.0,27.0,65,6.8,5.4,1.8,6.7,0.081,0.184,0.118,0.649,0.1169999999999999,2022-23,2022,Modern (19+),False,9.086,11.84,25.0,11672729.253182149,ROTATION
Cedi Osman,CLE,28.0,200.66,104.32616,,Turkey,2015.0,2.0,31.0,77,8.7,2.3,1.5,7.5,0.017,0.1,0.178,0.579,0.107,2022-23,2022,Modern (19+),True,7.2375,11.36,25.0,11656571.193742273,ROTATION
Cam Reddish,POR,23.0,200.66,98.429464,Duke,USA,2019.0,1.0,10.0,40,9.7,2.2,1.4,-9.0,0.017,0.07,0.166,0.561,0.085,2022-23,2022,Modern (19+),False,7.4613000000000005,12.219999999999999,25.0,11632996.807621084,ROTATION
Drew Eubanks,POR,26.0,208.28,111.13004,Oregon State,USA,,,,78,6.6,5.4,1.3,-4.1,0.084,0.183,0.122,0.6659999999999999,0.092,2022-23,2022,Modern (19+),False,8.8578,11.29,25.0,11584743.73040055,ROTATION
Pat Connaughton,MIL,30.0,195.58,94.800728,Notre Dame,USA,2015.0,2.0,41.0,61,7.6,4.6,1.3,3.4,0.033,0.144,0.133,0.531,0.069,2022-23,2022,Modern (19+),False,7.168500000000001,11.73,25.0,11564283.28883671,ROTATION
Xavier Tillman,MEM,24.0,200.66,111.13004,Michigan State,USA,2020.0,2.0,35.0,61,7.0,5.0,1.6,0.7,0.095,0.155,0.136,0.621,0.109,2022-23,2022,Modern (19+),False,8.445599999999999,11.62,25.0,11455837.324491262,ROTATION
Trey Lyles,SAC,27.0,205.74,106.140528,Kentucky,Canada,2015.0,1.0,12.0,74,7.6,4.1,0.9,4.0,0.054,0.184,0.174,0.607,0.073,2022-23,2022,Modern (19+),True,7.648199999999999,11.1,25.0,11446875.0,ROTATION
Isaiah Joe,OKC,23.0,190.5,74.84268,Arkansas,USA,2020.0,2.0,49.0,73,9.5,2.4,1.2,5.1,0.018,0.108,0.17,0.626,0.087,2022-23,2022,Modern (19+),False,8.2006,12.02,25.0,11442604.06117884,ROTATION
Julian Champagnie,SAS,22.0,200.66,98.429464,St. John's,USA,,,,17,9.7,3.5,0.6,-10.6,0.027,0.147,0.181,0.6,0.043,2022-23,2022,Modern (19+),False,8.28,12.569999999999999,25.0,11439641.880034875,ROTATION
Kevin Love,MIA,34.0,203.2,113.851592,UCLA,USA,2008.0,1.0,5.0,62,8.2,6.4,1.9,3.9,0.05,0.287,0.185,0.5479999999999999,0.131,2022-23,2022,Modern (19+),False,9.041999999999998,14.01,25.0,11308368.411417589,ROTATION
Josh Green,DAL,22.0,200.66,90.7184,Arizona,Australia,2020.0,1.0,18.0,60,9.1,3.0,1.7,2.5,0.037,0.087,0.14,0.645,0.096,2022-23,2022,Modern (19+),True,8.901,12.389999999999999,25.0,11275828.39249261,ROTATION
Torrey Craig,PHX,32.0,200.66,100.243832,South Carolina Upstate,USA,,,,79,7.4,5.4,1.5,-3.7,0.073,0.146,0.128,0.5660000000000001,0.08,2022-23,2022,Modern (19+),False,8.093800000000002,12.23,25.0,11130216.403566152,ROTATION
Andre Drummond,CHI,29.0,210.82,126.552168,Connecticut,USA,2012.0,1.0,9.0,67,6.0,6.6,0.5,2.6,0.16,0.353,0.196,0.606,0.057,2022-23,2022,Modern (19+),False,7.938599999999999,10.969999999999999,25.0,11088803.803868076,ROTATION
Damion Lee,PHX,30.0,195.58,95.25432,Drexel,USA,,,,74,8.2,3.0,1.3,2.7,0.024,0.124,0.155,0.607,0.092,2022-23,2022,Modern (19+),False,7.5874999999999995,11.209999999999999,25.0,11051629.639203707,ROTATION
Kyle Lowry,MIA,37.0,182.88,88.904032,Villanova,USA,2006.0,1.0,24.0,55,11.2,4.1,5.1,1.1,0.025,0.1119999999999999,0.162,0.565,0.233,2022-23,2022,Modern (19+),False,11.525999999999998,17.639999999999997,25.0,11033550.863497442,ROTATION
Cam Thomas,BKN,21.0,190.5,95.25432,Louisiana State,Japan,2021.0,1.0,27.0,57,10.6,1.7,1.4,-1.6,0.009,0.089,0.268,0.5670000000000001,0.133,2022-23,2022,Modern (19+),True,7.7679,12.77,25.0,10999725.618463254,ROTATION
Jonathan Kuminga,GSW,20.0,200.66,102.0582,,DRC,2021.0,1.0,7.0,67,9.9,3.4,1.9,-1.4,0.052,0.113,0.195,0.597,0.132,2022-23,2022,Modern (19+),True,9.0744,13.610000000000001,25.0,10985502.78939282,ROTATION
Aleksej Pokusevski,OKC,21.0,213.36,95.25432,,Serbia,2020.0,1.0,17.0,34,8.1,4.7,1.9,-12.7,0.0579999999999999,0.16,0.179,0.522,0.13,2022-23,2022,Modern (19+),True,7.673400000000001,12.72,25.0,10956656.998187361,ROTATION
Willy Hernangomez,NOP,29.0,210.82,113.398,,Spain,2015.0,2.0,35.0,38,6.9,4.7,0.9,1.7,0.118,0.262,0.222,0.61,0.114,2022-23,2022,Modern (19+),True,7.625000000000001,10.820000000000002,25.0,10937179.32159094,ROTATION
Chris Duarte,IND,26.0,195.58,86.18248,Oregon,Dominican Republic,2021.0,1.0,13.0,46,7.9,2.5,1.4,-6.2,0.02,0.106,0.181,0.496,0.1009999999999999,2022-23,2022,Modern (19+),True,5.8528,10.63,25.0,10907513.36175003,ROTATION
Malaki Branham,SAS,20.0,193.04,81.64656,Ohio State,USA,2022.0,1.0,20.0,66,10.2,2.7,1.9,-11.1,0.017,0.098,0.188,0.524,0.1119999999999999,2022-23,2022,Modern (19+),False,7.755199999999999,13.42,25.0,10832141.618931053,ROTATION
Gary Harris,ORL,28.0,193.04,95.25432,Michigan State,USA,2014.0,1.0,19.0,48,8.3,2.0,1.2,-2.8,0.018,0.069,0.125,0.62,0.067,2022-23,2022,Modern (19+),False,7.13,10.540000000000001,25.0,10815163.76602496,ROTATION
Devonte' Graham,SAS,28.0,185.42,88.45044,Kansas,USA,2018.0,2.0,34.0,73,7.4,1.7,2.7,-6.2,0.013,0.081,0.165,0.552,0.207,2022-23,2022,Modern (19+),False,6.513600000000001,10.48,25.0,10753597.368874913,ROTATION
Gabe York,IND,29.0,190.5,86.18248,Arizona,USA,,,,3,8.0,2.0,1.7,17.4,0.0,0.094,0.173,0.5479999999999999,0.109,2022-23,2022,Modern (19+),False,6.411599999999999,10.59,25.0,10704688.448765991,ROTATION
Jordan Goodwin,WAS,24.0,190.5,90.7184,St. Louis,USA,,,,62,6.6,3.3,2.7,-4.5,0.05,0.131,0.165,0.531,0.22,2022-23,2022,Modern (19+),False,6.690599999999999,10.8,25.0,10647421.953916151,ROTATION
Josh Okogie,PHX,24.0,193.04,96.615096,Georgia Tech,Nigeria,2018.0,1.0,20.0,72,7.3,3.5,1.5,4.9,0.078,0.102,0.174,0.531,0.104,2022-23,2022,Modern (19+),True,6.531300000000001,10.8,25.0,10647421.953916151,ROTATION
Mo Bamba,LAL,25.0,213.36,104.779752,Texas,USA,2018.0,1.0,6.0,49,6.6,4.6,0.9,1.5,0.076,0.198,0.166,0.602,0.086,2022-23,2022,Modern (19+),False,7.284199999999999,10.450000000000001,25.0,10563172.265307331,ROTATION
Jacob Gilyard,MEM,24.0,175.26,72.57472,Richmond,USA,,,,1,3.0,4.0,7.0,-14.9,0.0,0.095,0.052,0.5,0.212,2022-23,2022,Modern (19+),False,7.0,10.7,25.0,10548834.71360211,ROTATION
Isaiah Hartenstein,NYK,25.0,213.36,113.398,,Germany,2017.0,2.0,43.0,82,5.0,6.5,1.2,4.4,0.122,0.192,0.107,0.5670000000000001,0.083,2022-23,2022,Modern (19+),True,7.200900000000001,10.39,25.0,10502522.472396474,ROTATION
Trendon Watford,POR,22.0,203.2,107.501304,Louisiana State,USA,,,,62,7.4,3.8,2.1,-7.1,0.037,0.173,0.158,0.625,0.162,2022-23,2022,Modern (19+),False,8.3125,11.530000000000001,25.0,10493163.952012897,ROTATION
Jay Huff,WAS,25.0,215.9,108.86208,Virginia,USA,,,,7,7.3,3.0,1.4,-1.1,0.06,0.153,0.155,0.7959999999999999,0.135,2022-23,2022,Modern (19+),False,9.3132,10.379999999999999,25.0,10492414.173577996,ROTATION
Jock Landale,PHX,27.0,210.82,115.66596,St. Mary's,Australia,,,,69,6.6,4.1,1.0,7.9,0.114,0.1639999999999999,0.182,0.595,0.1009999999999999,2022-23,2022,Modern (19+),True,6.961499999999999,10.169999999999998,25.0,10487812.499999998,ROTATION
Georges Niang,PHI,30.0,200.66,104.32616,Iowa State,USA,2016.0,2.0,50.0,78,8.2,2.4,1.0,1.3,0.013,0.109,0.162,0.61,0.074,2022-23,2022,Modern (19+),False,7.076,10.579999999999998,25.0,10430530.025225263,ROTATION
Seth Curry,BKN,32.0,185.42,83.91452,Duke,USA,,,,61,9.2,1.6,1.6,-3.5,0.011,0.071,0.188,0.593,0.121,2022-23,2022,Modern (19+),False,7.353199999999998,11.439999999999998,25.0,10411257.208241763,ROTATION
Shaedon Sharpe,POR,20.0,195.58,90.7184,Kentucky,Canada,2022.0,1.0,7.0,80,9.9,3.0,1.2,-7.6,0.037,0.102,0.186,0.568,0.079,2022-23,2022,Modern (19+),True,8.008799999999999,12.84,25.0,10363986.466995135,ROTATION
Troy Brown Jr.,LAL,23.0,200.66,97.52228,Oregon,USA,2018.0,1.0,15.0,76,7.1,4.1,1.3,-0.5,0.033,0.123,0.119,0.561,0.067,2022-23,2022,Modern (19+),False,7.012500000000001,10.879999999999999,25.0,10357365.406458052,ROTATION
T.J. Warren,PHX,29.0,203.2,99.79024,North Carolina State,USA,2014.0,1.0,14.0,42,7.5,2.9,1.0,4.4,0.038,0.131,0.185,0.55,0.081,2022-23,2022,Modern (19+),False,6.2700000000000005,10.229999999999999,25.0,10340789.691300858,ROTATION
Anthony Lamb,GSW,25.0,198.12,102.965384,Vermont,USA,,,,62,6.7,3.5,1.5,1.7,0.047,0.129,0.136,0.61,0.111,2022-23,2022,Modern (19+),False,7.137,10.2,25.0,10310464.79484543,ROTATION
Ty Jerome,GSW,25.0,195.58,88.45044,Virginia,USA,2019.0,1.0,24.0,45,6.9,1.7,3.0,-5.6,0.009,0.091,0.147,0.594,0.233,2022-23,2022,Modern (19+),False,6.8904,10.19,25.0,10300356.496026956,ROTATION
Obi Toppin,NYK,25.0,205.74,99.79024,Dayton,USA,2020.0,1.0,8.0,67,7.4,2.8,1.0,2.4,0.026,0.139,0.187,0.565,0.091,2022-23,2022,Modern (19+),False,6.327999999999999,10.059999999999999,25.0,10168948.611386767,ROTATION
Al Horford,BOS,37.0,205.74,108.86208,Florida,Dominican Republic,2007.0,1.0,3.0,63,9.8,6.2,3.0,7.8,0.039,0.159,0.119,0.631,0.128,2022-23,2022,Modern (19+),True,11.989,16.240000000000002,25.0,10157872.223537328,ROTATION
Theo Maledon,CHA,22.0,195.58,79.3786,,France,2020.0,2.0,34.0,44,6.7,2.8,3.5,-8.9,0.016,0.128,0.166,0.515,0.247,2022-23,2022,Modern (19+),True,6.695,11.11,25.0,10110932.481080944,ROTATION
Joshua Primo,SAS,20.0,198.12,85.728888,Alabama,Canada,2021.0,1.0,12.0,4,7.0,3.3,4.5,1.7,0.019,0.113,0.173,0.467,0.237,2022-23,2022,Modern (19+),True,6.911600000000001,12.459999999999999,25.0,10057264.126071604,ROTATION
Terrence Ross,PHX,32.0,200.66,93.439952,Washington,USA,2012.0,1.0,8.0,63,8.3,2.4,1.5,-2.6,0.016,0.099,0.166,0.544,0.1009999999999999,2022-23,2022,Modern (19+),False,6.636800000000001,11.030000000000001,25.0,10038126.486617716,ROTATION
Cory Joseph,DET,31.0,190.5,90.7184,Texas,Canada,2011.0,1.0,29.0,62,6.9,1.7,3.5,-4.1,0.016,0.07,0.149,0.5579999999999999,0.256,2022-23,2022,Modern (19+),True,6.751799999999999,10.54,25.0,10033697.737506239,ROTATION
Sandro Mamukelashvili,SAS,24.0,208.28,108.86208,Seton Hall,Georgia,2021.0,2.0,54.0,43,6.1,4.3,1.4,-10.1,0.093,0.178,0.177,0.516,0.134,2022-23,2022,Modern (19+),True,6.0888,10.09,25.0,9947452.547686478,ROTATION
Dario Saric,OKC,29.0,208.28,102.0582,,Croatia,2014.0,1.0,12.0,57,6.4,3.6,1.3,1.6,0.064,0.195,0.186,0.583,0.131,2022-23,2022,Modern (19+),True,6.5879,9.83,25.0,9936457.738561822,ROTATION
Stanley Johnson,SAS,27.0,198.12,109.769264,Arizona,USA,2015.0,1.0,8.0,30,5.8,3.2,2.2,-7.0,0.047,0.15,0.148,0.625,0.179,2022-23,2022,Modern (19+),False,7.0,9.579999999999998,25.0,9879374.999999998,ROTATION
Cody Zeller,MIA,30.0,210.82,108.86208,Indiana,USA,2013.0,1.0,4.0,15,6.5,4.3,0.7,-10.3,0.1169999999999999,0.2,0.175,0.659,0.077,2022-23,2022,Modern (19+),False,7.5785,10.0,25.0,9858724.031403843,ROTATION
Alex Caruso,CHI,29.0,195.58,84.368112,Texas A&M,USA,,,,67,5.6,2.9,2.9,6.1,0.0279999999999999,0.099,0.109,0.588,0.155,2022-23,2022,Modern (19+),False,6.7032,9.659999999999998,25.0,9764616.658647731,ROTATION
Reggie Bullock,DAL,32.0,198.12,92.98636,North Carolina,USA,2013.0,1.0,25.0,78,7.2,3.6,1.4,-1.8,0.0139999999999999,0.1119999999999999,0.098,0.5770000000000001,0.063,2022-23,2022,Modern (19+),False,7.039400000000001,10.700000000000001,25.0,9737801.759456895,ROTATION
Dwight Powell,DAL,31.0,208.28,108.86208,Stanford,Canada,2014.0,2.0,45.0,76,6.7,4.1,0.9,6.2,0.106,0.12,0.123,0.738,0.067,2022-23,2022,Modern (19+),True,8.6346,10.200000000000001,25.0,9710030.068554426,ROTATION
Eugene Omoruyi,DET,26.0,198.12,106.59412,Oregon,Nigeria,,,,40,7.0,2.8,0.7,-1.9,0.065,0.11,0.192,0.5329999999999999,0.065,2022-23,2022,Modern (19+),True,5.596499999999999,9.45,25.0,9696707.551132435,ROTATION
Jae Crowder,MIL,32.0,198.12,106.59412,Marquette,USA,2012.0,2.0,34.0,18,6.9,3.8,1.5,-0.8,0.046,0.134,0.125,0.624,0.102,2022-23,2022,Modern (19+),False,7.612799999999999,10.61,25.0,9655895.01568576,ROTATION
Ochai Agbaji,UTA,23.0,195.58,97.52228,Kansas,USA,2022.0,1.0,14.0,59,7.9,2.1,1.1,-0.2,0.034,0.0579999999999999,0.154,0.561,0.072,2022-23,2022,Modern (19+),False,6.2271,10.14,25.0,9652912.244621752,ROTATION
Duane Washington Jr.,NYK,23.0,187.96,89.357624,Ohio State,Germany,,,,31,7.9,1.2,2.0,-0.5,0.004,0.085,0.298,0.4579999999999999,0.26,2022-23,2022,Modern (19+),True,5.083799999999999,10.14,25.0,9652912.244621752,ROTATION
Joe Harris,BKN,31.0,198.12,99.79024,Virginia,USA,2014.0,2.0,33.0,74,7.6,2.2,1.4,-1.0,0.016,0.089,0.141,0.621,0.091,2022-23,2022,Modern (19+),False,6.9552000000000005,10.120000000000001,25.0,9633872.96997753,ROTATION
Tre Mann,OKC,22.0,190.5,80.73937600000001,Florida,USA,2021.0,1.0,18.0,67,7.7,2.3,1.8,1.0,0.021,0.104,0.2,0.492,0.144,2022-23,2022,Modern (19+),False,5.8056,10.57,25.0,9619492.018454148,ROTATION
Daniel Theis,IND,31.0,203.2,111.13004,,Germany,,,,7,7.0,3.1,1.3,-8.2,0.059,0.147,0.201,0.497,0.125,2022-23,2022,Modern (19+),True,5.6658,10.08,25.0,9595794.420689078,ROTATION
Charles Bassey,SAS,22.0,205.74,104.32616,Western Kentucky,Nigeria,2021.0,2.0,53.0,35,5.7,5.5,1.4,-2.4,0.14,0.2319999999999999,0.152,0.6579999999999999,0.131,2022-23,2022,Modern (19+),True,8.290799999999999,10.530000000000001,25.0,9583089.021222534,ROTATION
Aaron Wiggins,OKC,24.0,195.58,86.18248,Maryland,USA,2021.0,2.0,55.0,70,6.8,3.0,1.1,1.5,0.05,0.109,0.143,0.607,0.084,2022-23,2022,Modern (19+),False,6.6163,9.669999999999998,25.0,9533386.138367513,ROTATION
Svi Mykhailiuk,CHA,26.0,200.66,92.98636,Kansas,Ukraine,2018.0,2.0,47.0,32,6.9,1.7,1.7,1.0,0.032,0.079,0.191,0.584,0.1669999999999999,2022-23,2022,Modern (19+),True,6.015199999999999,9.28,25.0,9522269.425873969,ROTATION
Jeremiah Robinson-Earl,OKC,22.0,203.2,108.86208,Villanova,USA,2021.0,2.0,32.0,43,6.8,4.2,1.0,-0.9,0.0819999999999999,0.129,0.143,0.5479999999999999,0.069,2022-23,2022,Modern (19+),False,6.575999999999999,10.44,25.0,9501182.2774514,ROTATION
Kendrick Nunn,WAS,27.0,190.5,86.18248,Oakland,USA,,,,70,7.1,1.6,1.3,-2.3,0.015,0.09,0.2269999999999999,0.53,0.1369999999999999,2022-23,2022,Modern (19+),False,5.300000000000001,9.129999999999999,25.0,9415312.499999998,ROTATION
Isaiah Jackson,IND,21.0,205.74,92.98636,Kentucky,USA,2021.0,1.0,22.0,63,7.2,4.5,0.8,-5.6,0.1,0.159,0.165,0.595,0.071,2022-23,2022,Modern (19+),False,7.4375,10.91,25.0,9397572.944200007,ROTATION
Chance Comanche,POR,27.0,208.28,95.25432,Arizona,USA,,,,1,7.0,3.0,0.0,-68.1,0.08,0.067,0.14,0.518,0.0,2022-23,2022,Modern (19+),False,5.18,9.1,25.0,9384375.0,ROTATION
John Konchar,MEM,27.0,195.58,95.25432,Indiana-Purdue Fort Wayne,USA,,,,72,5.1,4.3,1.4,7.0,0.04,0.152,0.1,0.542,0.0819999999999999,2022-23,2022,Modern (19+),False,5.8536,9.09,25.0,9374062.5,ROTATION
Edmond Sumner,BKN,27.0,193.04,88.904032,Xavier,USA,2017.0,2.0,52.0,53,7.1,1.5,1.3,1.7,0.019,0.086,0.209,0.597,0.13,2022-23,2022,Modern (19+),False,5.9103,9.059999999999999,25.0,9343124.999999998,ROTATION
Lindell Wigginton,MIL,25.0,185.42,85.728888,Iowa State,Canada,2019.0,,,7,7.1,1.0,2.0,-20.2,0.0,0.077,0.251,0.61,0.264,2022-23,2022,Modern (19+),True,6.161,9.2,25.0,9299634.91299784,ROTATION
Kemba Walker,DAL,33.0,182.88,83.46092800000001,Connecticut,USA,2011.0,1.0,9.0,9,8.0,1.8,2.1,-1.9,0.02,0.09,0.215,0.5429999999999999,0.216,2022-23,2022,Modern (19+),False,6.4616999999999996,10.73,25.0,9242525.911206791,ROTATION
Terence Davis,SAC,26.0,193.04,91.171992,Mississippi,USA,,,,64,6.7,2.2,1.0,4.0,0.024,0.14,0.215,0.563,0.11,2022-23,2022,Modern (19+),False,5.5737,8.94,25.0,9173393.175357036,ROTATION
Romeo Langford,SAS,23.0,195.58,97.975872,Indiana,USA,2019.0,1.0,14.0,43,6.9,2.7,1.2,-8.5,0.06,0.067,0.148,0.524,0.08,2022-23,2022,Modern (19+),False,5.6592,9.63,25.0,9167410.74119403,ROTATION
Isaiah Livers,DET,24.0,198.12,105.233344,Michigan,USA,2021.0,2.0,42.0,52,6.7,2.8,0.8,-7.8,0.023,0.096,0.1169999999999999,0.5670000000000001,0.048,2022-23,2022,Modern (19+),False,5.840100000000001,9.22,25.0,9089743.556954343,ROTATION
Oshae Brissett,IND,25.0,200.66,95.25432,Syracuse,Canada,,,,65,6.1,3.4,0.7,0.6,0.054,0.144,0.155,0.52,0.055,2022-23,2022,Modern (19+),True,5.303999999999999,8.97,25.0,9067144.040172895,ROTATION
Saben Lee,PHX,24.0,187.96,83.007336,Vanderbilt,USA,2020.0,2.0,38.0,25,6.0,1.8,2.7,-4.4,0.03,0.0819999999999999,0.184,0.517,0.278,2022-23,2022,Modern (19+),False,5.4285000000000005,9.15,25.0,9020732.488734517,ROTATION
Wenyen Gabriel,LAL,26.0,205.74,92.98636,Kentucky,South Sudan,,,,68,5.5,4.2,0.5,-0.2,0.111,0.152,0.135,0.626,0.049,2022-23,2022,Modern (19+),True,6.385199999999999,8.79,25.0,9019477.182481915,ROTATION
Jaylin Williams,OKC,21.0,205.74,108.86208,Arkansas,USA,2022.0,2.0,34.0,49,5.9,4.9,1.6,-4.6,0.045,0.23,0.133,0.5589999999999999,0.109,2022-23,2022,Modern (19+),False,6.9315999999999995,10.45,25.0,9001341.637661785,ROTATION
Will Barton,TOR,32.0,195.58,82.10015200000001,Memphis,USA,2012.0,2.0,40.0,56,6.8,2.4,2.0,-8.4,0.0139999999999999,0.125,0.182,0.493,0.162,2022-23,2022,Modern (19+),False,5.521599999999999,9.88,25.0,8991540.316208797,ROTATION
Jaden Hardy,DAL,20.0,190.5,89.811216,,USA,2022.0,2.0,37.0,48,8.8,1.9,1.4,-3.1,0.015,0.106,0.248,0.5710000000000001,0.147,2022-23,2022,Modern (19+),False,6.909100000000001,11.110000000000001,25.0,8967592.651738005,ROTATION
Maxi Kleber,DAL,31.0,208.28,108.86208,,Germany,,,,37,5.9,3.6,1.4,-2.9,0.033,0.1159999999999999,0.1,0.5920000000000001,0.079,2022-23,2022,Modern (19+),True,6.452800000000001,9.4,25.0,8948459.08278545,ROTATION
Sam Hauser,BOS,25.0,200.66,98.429464,Virginia,USA,,,,80,6.4,2.6,0.9,7.7,0.027,0.121,0.141,0.634,0.076,2022-23,2022,Modern (19+),False,6.2766,8.850000000000001,25.0,8945844.454351183,ROTATION
Cody Martin,CHA,27.0,198.12,92.98636,Nevada,USA,2019.0,2.0,36.0,7,5.0,3.4,1.6,-9.7,0.0559999999999999,0.109,0.121,0.4479999999999999,0.111,2022-23,2022,Modern (19+),False,4.479999999999999,8.5,25.0,8765625.0,ROTATION
Patrick Beverley,CHI,34.0,187.96,81.64656,Arkansas,USA,2009.0,2.0,42.0,67,6.2,3.7,2.9,-1.5,0.025,0.111,0.107,0.534,0.1369999999999999,2022-23,2022,Modern (19+),False,6.8352,10.819999999999999,25.0,8733515.075770043,ROTATION
Nassir Little,POR,23.0,195.58,99.79024,North Carolina,USA,2019.0,1.0,25.0,54,6.6,2.6,0.9,-8.8,0.0279999999999999,0.122,0.158,0.555,0.075,2022-23,2022,Modern (19+),False,5.6055,9.05,25.0,8615271.776511524,ROTATION
Nickeil Alexander-Walker,MIN,24.0,195.58,92.98636,Virginia Tech,Canada,2019.0,1.0,17.0,59,6.2,1.7,1.8,-2.0,0.017,0.095,0.177,0.565,0.168,2022-23,2022,Modern (19+),True,5.4805,8.65,25.0,8527796.287164323,ROTATION
Kevin Knox II,POR,23.0,200.66,97.52228,Kentucky,USA,2018.0,1.0,9.0,63,6.6,2.8,0.5,-11.4,0.033,0.152,0.175,0.579,0.053,2022-23,2022,Modern (19+),False,5.732099999999999,8.909999999999998,25.0,8481996.85400195,ROTATION
Mike Muscala,BOS,31.0,210.82,108.86208,Bucknell,USA,2013.0,2.0,44.0,63,6.1,3.2,0.8,8.8,0.038,0.161,0.146,0.608,0.069,2022-23,2022,Modern (19+),False,6.1408000000000005,8.9,25.0,8472477.21667984,ROTATION
Robert Covington,LAC,32.0,200.66,94.800728,Tennessee State,USA,,,,48,6.0,3.5,1.2,-1.0,0.038,0.1639999999999999,0.149,0.584,0.105,2022-23,2022,Modern (19+),False,6.248799999999999,9.29,25.0,8454596.107042482,ROTATION
Luka Garza,MIN,24.0,208.28,110.222856,Iowa,USA,2021.0,2.0,52.0,28,6.5,2.3,0.6,2.0,0.13,0.128,0.245,0.652,0.103,2022-23,2022,Modern (19+),False,6.1288,8.53,25.0,8409491.598787477,ROTATION
David Roddy,MEM,22.0,193.04,115.66596,Colorado State,USA,2022.0,1.0,23.0,70,6.7,2.8,0.8,-1.9,0.037,0.107,0.163,0.519,0.064,2022-23,2022,Modern (19+),False,5.345700000000001,9.22,25.0,8390890.861887157,ROTATION
Duncan Robinson,MIA,29.0,200.66,97.52228,Michigan,USA,,,,42,6.4,1.6,1.1,-5.0,0.012,0.094,0.172,0.534,0.1009999999999999,2022-23,2022,Modern (19+),False,4.8594,8.290000000000001,25.0,8379779.720516534,ROTATION
Joe Ingles,MIL,35.0,205.74,99.79024,,Australia,,,,46,6.9,2.8,3.3,2.5,0.012,0.102,0.122,0.616,0.181,2022-23,2022,Modern (19+),True,8.008,11.169999999999998,25.0,8364556.142366661,ROTATION
Simone Fontecchio,UTA,27.0,200.66,94.800728,,Italy,,,,52,6.3,1.7,0.8,-13.1,0.036,0.07,0.192,0.495,0.079,2022-23,2022,Modern (19+),True,4.356,8.05,25.0,8301562.5,ROTATION
Ricky Rubio,CLE,32.0,187.96,86.18248,,Spain,2009.0,1.0,5.0,33,5.2,2.1,3.5,3.0,0.015,0.1119999999999999,0.172,0.442,0.295,2022-23,2022,Modern (19+),True,4.7736,9.12,25.0,8299883.368808119,ROTATION
AJ Griffin,ATL,19.0,198.12,99.79024,Duke,USA,2022.0,1.0,16.0,72,8.9,2.1,1.0,1.5,0.026,0.08,0.174,0.5770000000000001,0.07,2022-23,2022,Modern (19+),False,6.924000000000001,11.07,25.0,8289672.022918439,ROTATION
Jonathan Isaac,ORL,25.0,208.28,104.32616,Florida State,USA,2017.0,1.0,6.0,11,5.0,4.0,0.5,-5.8,0.099,0.25,0.198,0.483,0.085,2022-23,2022,Modern (19+),False,4.5885,8.15,25.0,8238263.53705787,ROTATION
JaMychal Green,GSW,33.0,205.74,102.965384,Alabama,USA,,,,57,6.4,3.6,0.9,-8.2,0.087,0.1639999999999999,0.1689999999999999,0.65,0.094,2022-23,2022,Modern (19+),False,7.085000000000001,9.55,25.0,8226106.472695699,ROTATION
Evan Fournier,NYK,30.0,198.12,92.98636,,France,2012.0,1.0,20.0,27,6.1,1.8,1.3,-4.7,0.008,0.096,0.179,0.471,0.111,2022-23,2022,Modern (19+),True,4.3332,8.27,25.0,8153164.773970978,ROTATION
Jay Scrubb,ORL,22.0,195.58,99.79024,John A. Logan,USA,2020.0,2.0,55.0,2,6.5,3.0,0.5,-28.5,0.0,0.3,0.151,0.825,0.0559999999999999,2022-23,2022,Modern (19+),False,8.25,8.95,25.0,8145170.630573757,ROTATION
Isaac Okoro,CLE,22.0,195.58,102.0582,Auburn,USA,2020.0,1.0,5.0,76,6.4,2.5,1.1,5.4,0.033,0.085,0.1169999999999999,0.614,0.07,2022-23,2022,Modern (19+),False,6.14,8.92,25.0,8117868.382650048,ROTATION
Chuma Okeke,ORL,24.0,203.2,103.872568,Auburn,USA,2019.0,1.0,16.0,27,4.7,3.6,1.4,-10.8,0.049,0.132,0.121,0.488,0.1009999999999999,2022-23,2022,Modern (19+),False,4.7336,8.200000000000001,25.0,8084153.705751152,ROTATION
Montrezl Harrell,PHI,29.0,200.66,108.86208,Louisville,USA,2015.0,2.0,32.0,57,5.6,2.8,0.6,2.2,0.1,0.133,0.178,0.631,0.073,2022-23,2022,Modern (19+),False,5.6789999999999985,7.9799999999999995,25.0,8066422.457143778,ROTATION
Lamar Stevens,CLE,25.0,198.12,104.32616,Penn State,USA,,,,62,5.3,3.3,0.5,1.2,0.046,0.145,0.136,0.524,0.04,2022-23,2022,Modern (19+),False,4.7684,7.959999999999999,25.0,8046205.859506825,ROTATION
Yuta Watanabe,BKN,28.0,203.2,97.52228,George Washington,Japan,,,,58,5.6,2.4,0.8,-0.6,0.034,0.1169999999999999,0.127,0.637,0.071,2022-23,2022,Modern (19+),True,5.605600000000001,7.839999999999999,25.0,8044675.894272836,ROTATION
Davion Mitchell,SAC,24.0,182.88,91.625584,Baylor,USA,2021.0,1.0,9.0,80,5.6,1.3,2.3,2.7,0.012,0.062,0.14,0.545,0.173,2022-23,2022,Modern (19+),False,5.014,8.12,25.0,8005283.913499921,ROTATION
Nicolas Batum,LAC,34.0,203.2,104.32616,,France,2008.0,1.0,25.0,78,6.1,3.8,1.6,4.5,0.036,0.135,0.111,0.594,0.095,2022-23,2022,Modern (19+),True,6.830999999999999,9.879999999999999,25.0,7974780.8640118325,ROTATION
Jalen Johnson,ATL,21.0,203.2,99.336648,Duke,USA,2021.0,1.0,20.0,70,5.6,4.0,1.2,0.3,0.047,0.214,0.156,0.5539999999999999,0.106,2022-23,2022,Modern (19+),False,5.983199999999998,9.239999999999998,25.0,7959081.026985156,ROTATION
Quenton Jackson,WAS,24.0,195.58,78.471416,Texas A&M,USA,,,,9,6.2,0.9,1.7,-6.7,0.0139999999999999,0.044,0.1639999999999999,0.542,0.155,2022-23,2022,Modern (19+),False,4.7696000000000005,8.02,25.0,7906696.673185881,ROTATION
Payton Pritchard,BOS,25.0,185.42,88.45044,Oregon,USA,2020.0,1.0,26.0,48,5.6,1.8,1.3,1.4,0.038,0.094,0.193,0.536,0.153,2022-23,2022,Modern (19+),False,4.6632,7.77,25.0,7854148.181955785,ROTATION
Dean Wade,CLE,26.0,205.74,103.418976,Kansas State,USA,,,,44,4.7,3.4,0.8,6.5,0.023,0.146,0.1,0.55,0.0559999999999999,2022-23,2022,Modern (19+),False,4.8950000000000005,7.64,25.0,7839454.570439346,ROTATION
Bismack Biyombo,PHX,30.0,203.2,115.66596,,DRC,2011.0,1.0,7.0,61,4.3,4.3,0.9,3.1,0.093,0.184,0.136,0.555,0.089,2022-23,2022,Modern (19+),True,5.272500000000001,7.9399999999999995,25.0,7827826.880934651,ROTATION
Jamal Cain,MIA,24.0,198.12,86.636072,Oakland,USA,,,,18,5.4,2.9,0.7,5.5,0.064,0.142,0.139,0.647,0.076,2022-23,2022,Modern (19+),False,5.823,7.92,25.0,7808109.432871844,ROTATION
Otto Porter Jr.,TOR,30.0,203.2,89.811216,Georgetown,USA,2013.0,1.0,3.0,8,5.5,2.4,1.0,-5.0,0.038,0.096,0.104,0.6559999999999999,0.078,2022-23,2022,Modern (19+),False,5.838399999999999,7.88,25.0,7768674.536746228,ROTATION
R.J. Hampton,DET,22.0,193.04,79.3786,,USA,2020.0,1.0,24.0,47,6.4,1.9,1.1,-8.7,0.024,0.093,0.175,0.5579999999999999,0.11,2022-23,2022,Modern (19+),False,5.2452,8.5,25.0,7735636.911718095,ROTATION
Javonte Green,CHI,29.0,195.58,92.98636,Radford,USA,,,,32,5.2,2.8,0.7,5.9,0.057,0.119,0.128,0.6459999999999999,0.062,2022-23,2022,Modern (19+),False,5.620199999999999,7.65,25.0,7732848.596134074,ROTATION
Darius Bazley,PHX,23.0,205.74,97.975872,,USA,2019.0,1.0,23.0,43,5.2,3.2,0.9,-3.6,0.053,0.157,0.165,0.524,0.088,2022-23,2022,Modern (19+),False,4.873200000000001,8.07,25.0,7682347.3189445315,ROTATION
Gary Payton II,GSW,30.0,187.96,88.45044,Oregon State,USA,,,,22,4.6,3.1,1.4,5.4,0.069,0.121,0.1009999999999999,0.701,0.106,2022-23,2022,Modern (19+),False,6.379099999999999,7.749999999999999,25.0,7640511.124337978,ROTATION
Chimezie Metu,SAC,26.0,205.74,102.0582,Southern California,USA,2018.0,2.0,49.0,66,4.9,3.0,0.6,6.7,0.068,0.206,0.168,0.639,0.08,2022-23,2022,Modern (19+),False,5.4315,7.42,25.0,7613711.114222505,ROTATION
Haywood Highsmith,MIA,26.0,195.58,99.79024,Wheeling Jesuit,USA,2018.0,,,54,4.4,3.5,0.8,-5.2,0.055,0.135,0.121,0.517,0.065,2022-23,2022,Modern (19+),False,4.4979000000000005,7.409999999999999,25.0,7603450.048030831,ROTATION
Vlatko Cancar,DEN,26.0,203.2,107.047712,,Slovenia,2017.0,2.0,49.0,60,5.0,2.1,1.3,-3.9,0.027,0.119,0.134,0.606,0.125,2022-23,2022,Modern (19+),True,5.0904,7.38,25.0,7572666.849455808,ROTATION
DeAndre Jordan,DEN,34.0,210.82,120.20188,Texas A&M,USA,2008.0,2.0,35.0,39,5.1,5.2,0.9,-8.4,0.094,0.252,0.134,0.731,0.084,2022-23,2022,Modern (19+),False,8.1872,9.37,25.0,7563127.195930249,ROTATION
Rodney McGruder,DET,31.0,193.04,92.98636,Kansas State,USA,,,,32,5.7,2.3,0.9,-3.5,0.035,0.109,0.135,0.5660000000000001,0.071,2022-23,2022,Modern (19+),False,5.037400000000001,7.94,25.0,7558592.033757074,ROTATION
Justin Minaya,POR,24.0,200.66,95.25432,Providence,USA,,,,4,4.3,3.8,1.0,-12.0,0.03,0.135,0.123,0.363,0.0559999999999999,2022-23,2022,Modern (19+),False,3.3032999999999997,7.659999999999999,25.0,7551782.608055343,ROTATION
Jarrett Culver,ATL,24.0,198.12,88.45044,Texas Tech,USA,2019.0,1.0,6.0,10,4.4,3.8,0.6,-5.7,0.065,0.2189999999999999,0.1639999999999999,0.452,0.055,2022-23,2022,Modern (19+),False,3.9776,7.48,25.0,7374325.575490075,ROTATION
Jarrell Brantley,UTA,27.0,195.58,113.398,College of Charleston,USA,2019.0,2.0,50.0,4,5.5,1.5,0.8,16.2,0.02,0.093,0.172,0.7390000000000001,0.125,2022-23,2022,Modern (19+),False,5.764200000000001,7.109999999999999,25.0,7332187.499999998,ROTATION
Jordan McLaughlin,MIN,27.0,182.88,83.91452,Southern California,USA,,,,43,3.7,1.4,3.4,5.8,0.022,0.065,0.1119999999999999,0.526,0.264,2022-23,2022,Modern (19+),False,4.471,7.06,25.0,7280625.0,ROTATION
Goga Bitadze,ORL,23.0,210.82,113.398,,Georgia,2019.0,1.0,18.0,38,4.4,3.6,1.0,3.7,0.123,0.1669999999999999,0.147,0.5820000000000001,0.122,2022-23,2022,Modern (19+),True,5.238,7.62,25.0,7253963.639449484,ROTATION
Derrick Jones Jr.,CHI,26.0,198.12,95.25432,UNLV,USA,,,,64,5.0,2.4,0.5,6.7,0.069,0.098,0.138,0.597,0.052,2022-23,2022,Modern (19+),False,4.7163,7.029999999999999,25.0,7213529.532747197,ROTATION
James Bouknight,CHA,22.0,193.04,86.18248,Connecticut,USA,2021.0,1.0,11.0,34,5.6,2.1,1.2,-8.3,0.015,0.1159999999999999,0.192,0.4629999999999999,0.1169999999999999,2022-23,2022,Modern (19+),False,4.1206999999999985,7.909999999999999,25.0,7198692.7025517775,ROTATION
Jeff Green,DEN,36.0,203.2,106.59412,Georgetown,USA,2007.0,1.0,5.0,56,7.8,2.6,1.2,-8.0,0.035,0.096,0.1669999999999999,0.5760000000000001,0.095,2022-23,2022,Modern (19+),False,6.6816,10.459999999999999,25.0,7194595.486629005,ROTATION
Sam Merrill,CLE,27.0,193.04,92.98636,Utah State,USA,2020.0,2.0,60.0,5,5.0,1.8,1.0,-3.3,0.0,0.1669999999999999,0.177,0.546,0.143,2022-23,2022,Modern (19+),False,4.2588,6.96,25.0,7177499.999999999,ROTATION
Meyers Leonard,MIL,31.0,213.36,117.93392,Illinois,USA,2012.0,1.0,11.0,9,4.8,3.8,0.1,-12.5,0.103,0.195,0.14,0.652,0.012,2022-23,2022,Modern (19+),False,5.6724,7.529999999999999,25.0,7168286.903550472,ROTATION
Xavier Cooks,WAS,27.0,203.2,83.007336,Winthrop,Australia,,,,10,3.8,3.8,0.6,7.4,0.113,0.152,0.127,0.586,0.061,2022-23,2022,Modern (19+),True,4.805199999999999,6.879999999999999,25.0,7094999.999999998,ROTATION
Jaxson Hayes,NOP,23.0,213.36,99.79024,Texas,USA,2019.0,1.0,8.0,47,5.0,2.8,0.7,-5.4,0.0579999999999999,0.153,0.149,0.605,0.088,2022-23,2022,Modern (19+),False,5.1425,7.45,25.0,7092129.804973574,ROTATION
Day'Ron Sharpe,BKN,21.0,205.74,120.20188,North Carolina,USA,2021.0,1.0,29.0,48,4.7,4.2,0.8,-8.8,0.168,0.19,0.173,0.581,0.099,2022-23,2022,Modern (19+),False,5.6357,8.200000000000001,25.0,7063253.725246569,ROTATION
Paul Reed,PHI,24.0,205.74,95.25432,DePaul,USA,2020.0,2.0,58.0,69,4.2,3.8,0.4,-0.4,0.147,0.207,0.152,0.62,0.051,2022-23,2022,Modern (19+),False,5.208,7.14,25.0,7039128.958422343,ROTATION
Lindy Waters III,OKC,25.0,198.12,95.25432,Oklahoma State,USA,,,,41,5.2,1.8,0.7,10.5,0.0279999999999999,0.103,0.148,0.573,0.071,2022-23,2022,Modern (19+),False,4.4121,6.95,25.0,7025267.67884076,ROTATION
Dewayne Dedmon,PHI,33.0,208.28,111.13004,Southern California,USA,,,,38,5.2,3.5,0.7,-10.6,0.075,0.231,0.195,0.5770000000000001,0.108,2022-23,2022,Modern (19+),False,5.4238,8.14,25.0,7011571.3809154965,ROTATION
Johnny Davis,WAS,21.0,193.04,88.45044,Wisconsin,USA,2022.0,1.0,10.0,28,5.8,2.3,1.0,-6.2,0.02,0.125,0.192,0.446,0.1,2022-23,2022,Modern (19+),False,4.0586,8.11,25.0,6985730.208749959,BENCH
Brandon Boston Jr.,LAC,21.0,198.12,85.275296,Kentucky,USA,2021.0,2.0,51.0,22,6.5,1.4,0.9,-7.7,0.024,0.098,0.237,0.515,0.129,2022-23,2022,Modern (19+),False,4.532000000000001,8.11,25.0,6985730.208749959,BENCH
Jericho Sims,NYK,24.0,208.28,113.398,Texas,USA,2021.0,2.0,58.0,52,3.4,4.7,0.5,-6.7,0.1169999999999999,0.175,0.074,0.78,0.044,2022-23,2022,Modern (19+),False,6.708,7.039999999999999,25.0,6940541.718108305,BENCH
Jared Butler,OKC,22.0,190.5,87.543256,Baylor,USA,2021.0,2.0,40.0,6,6.2,0.7,1.3,2.6,0.013,0.034,0.208,0.578,0.16,2022-23,2022,Modern (19+),False,4.7396,7.6000000000000005,25.0,6916569.474006767,BENCH
Austin Rivers,MIN,30.0,193.04,90.7184,Duke,USA,2012.0,1.0,10.0,52,4.9,1.6,1.4,-4.9,0.005,0.078,0.104,0.564,0.095,2022-23,2022,Modern (19+),False,4.4556,7.0,25.0,6901106.821982689,BENCH
Bruno Fernando,ATL,24.0,208.28,108.86208,Maryland,Angola,2019.0,2.0,34.0,39,3.9,3.5,0.8,-8.9,0.123,0.19,0.159,0.5710000000000001,0.1169999999999999,2022-23,2022,Modern (19+),True,4.682200000000001,6.909999999999999,25.0,6812378.305700055,BENCH
McKinley Wright IV,DAL,24.0,180.34,87.089664,Colorado,USA,,,,27,4.2,1.7,2.1,-14.9,0.026,0.109,0.16,0.536,0.275,2022-23,2022,Modern (19+),False,4.288,6.86,25.0,6763084.685543037,BENCH
Moses Brown,BKN,23.0,218.44,111.13004,UCLA,USA,,,,36,4.3,3.9,0.1,3.5,0.165,0.262,0.188,0.607,0.021,2022-23,2022,Modern (19+),False,5.038099999999999,7.1,25.0,6758942.498699648,BENCH
Blake Wesley,SAS,20.0,193.04,83.91452,Notre Dame,USA,2022.0,1.0,25.0,37,5.0,2.2,2.6,-13.4,0.016,0.1009999999999999,0.18,0.3929999999999999,0.201,2022-23,2022,Modern (19+),False,3.8513999999999995,8.36,25.0,6747891.500317706,BENCH
Ziaire Williams,MEM,21.0,205.74,83.91452,Stanford,USA,2021.0,1.0,10.0,37,5.7,2.1,0.9,-5.2,0.0279999999999999,0.105,0.178,0.511,0.086,2022-23,2022,Modern (19+),False,4.4457,7.8,25.0,6718704.763039418,BENCH
Isaiah Roby,NYK,25.0,203.2,104.32616,Nebraska,USA,2019.0,2.0,45.0,42,4.1,2.6,0.9,-10.4,0.04,0.188,0.173,0.497,0.114,2022-23,2022,Modern (19+),False,3.7771999999999997,6.55,25.0,6620935.7261017235,BENCH
Ish Wainright,PHX,28.0,195.58,113.398,Baylor,USA,,,,60,4.2,2.3,0.9,6.1,0.045,0.0969999999999999,0.1169999999999999,0.522,0.075,2022-23,2022,Modern (19+),False,3.8628000000000005,6.44,25.0,6608126.627438401,BENCH
Luke Kornet,BOS,27.0,218.44,113.398,Vanderbilt,USA,,,,69,3.8,2.9,0.8,3.9,0.106,0.125,0.111,0.6970000000000001,0.093,2022-23,2022,Modern (19+),False,5.2275,6.39,25.0,6589687.500000001,BENCH
Zeke Nnaji,DEN,22.0,205.74,108.86208,Arizona,USA,2020.0,1.0,22.0,53,5.2,2.6,0.3,-5.9,0.087,0.099,0.149,0.62,0.04,2022-23,2022,Modern (19+),False,5.022000000000001,7.2299999999999995,25.0,6579841.749614333,BENCH
Olivier Sarr,OKC,24.0,210.82,108.86208,Kentucky,France,,,,9,4.0,3.4,0.4,6.8,0.09,0.147,0.13,0.544,0.048,2022-23,2022,Modern (19+),True,4.243200000000001,6.66,25.0,6565910.204914959,BENCH
Malachi Flynn,TOR,25.0,185.42,79.3786,San Diego State,USA,2020.0,1.0,29.0,53,4.6,1.4,1.3,-3.5,0.019,0.0969999999999999,0.168,0.479,0.145,2022-23,2022,Modern (19+),False,3.4966999999999997,6.489999999999999,25.0,6560285.933190866,BENCH
Gorgui Dieng,SAS,33.0,208.28,112.490816,Louisville,Senegal,2013.0,1.0,21.0,31,3.9,3.5,1.7,-18.6,0.063,0.22,0.177,0.493,0.221,2022-23,2022,Modern (19+),True,4.4863,7.539999999999999,25.0,6494747.937604772,BENCH
Orlando Robinson,MIA,22.0,208.28,106.59412,Fresno State,USA,,,,31,3.7,4.1,0.8,3.8,0.108,0.201,0.1159999999999999,0.565,0.086,2022-23,2022,Modern (19+),False,4.858999999999999,7.13,25.0,6488834.2565352945,BENCH
MarJon Beauchamp,MIL,22.0,200.66,90.264808,,USA,2022.0,1.0,24.0,52,5.1,2.2,0.7,-7.2,0.05,0.103,0.175,0.513,0.072,2022-23,2022,Modern (19+),False,4.104,7.13,25.0,6488834.2565352945,BENCH
Danuel House Jr.,PHI,30.0,198.12,99.79024,Texas A&M,USA,,,,56,4.8,1.7,0.8,0.3,0.012,0.107,0.133,0.6,0.074,2022-23,2022,Modern (19+),False,4.38,6.55,25.0,6457464.240569516,BENCH
Omer Yurtseven,MIA,25.0,210.82,124.7378,Georgetown,Turkey,,,,9,4.4,2.6,0.2,1.7,0.089,0.179,0.159,0.675,0.035,2022-23,2022,Modern (19+),True,4.86,6.36,25.0,6428878.048550682,BENCH
Patty Mills,BKN,34.0,182.88,81.64656,St. Mary's,Australia,2009.0,2.0,55.0,40,6.2,1.1,1.4,-5.8,0.0139999999999999,0.062,0.182,0.5539999999999999,0.136,2022-23,2022,Modern (19+),True,4.8198,7.95,25.0,6416954.237742315,BENCH
Derrick Rose,NYK,34.0,190.5,90.7184,Memphis,USA,2008.0,1.0,1.0,27,5.6,1.5,1.7,-3.5,0.022,0.0819999999999999,0.22,0.4629999999999999,0.208,2022-23,2022,Modern (19+),False,4.074399999999999,7.84,25.0,6328166.191685502,BENCH
Josh Christopher,HOU,21.0,193.04,97.52228,Arizona State,USA,2021.0,1.0,24.0,64,5.8,1.1,1.1,-13.9,0.024,0.068,0.215,0.523,0.149,2022-23,2022,Modern (19+),False,4.184,7.34,25.0,6322473.456501198,BENCH
Christian Braun,DEN,22.0,198.12,99.79024,Kansas,USA,2022.0,1.0,21.0,76,4.7,2.4,0.8,-4.3,0.042,0.1119999999999999,0.127,0.568,0.07,2022-23,2022,Modern (19+),False,4.4872,6.9399999999999995,25.0,6315920.019685126,BENCH
Blake Griffin,BOS,34.0,205.74,113.398,Oklahoma,USA,2009.0,1.0,1.0,41,4.1,3.8,1.5,9.9,0.079,0.195,0.125,0.59,0.142,2022-23,2022,Modern (19+),False,5.5459999999999985,7.81,25.0,6303951.270033645,BENCH
Garrison Mathews,ATL,26.0,198.12,97.52228,Lipscomb,USA,,,,54,4.8,1.4,0.5,-6.4,0.0139999999999999,0.0819999999999999,0.139,0.573,0.057,2022-23,2022,Modern (19+),False,3.8390999999999993,6.129999999999999,25.0,6290033.57549649,BENCH
Xavier Sneed,CHA,25.0,195.58,97.52228,Kansas State,USA,,,,4,4.3,1.3,1.3,-24.8,0.0,0.085,0.136,0.723,0.1669999999999999,2022-23,2022,Modern (19+),False,4.9887,6.12,25.0,6186278.876907258,BENCH
Dalano Banton,TOR,23.0,200.66,92.532768,Nebraska,Canada,2021.0,2.0,46.0,31,4.6,1.5,1.2,-6.5,0.036,0.13,0.2289999999999999,0.505,0.2019999999999999,2022-23,2022,Modern (19+),True,3.6865,6.489999999999999,25.0,6178244.622050804,BENCH
Dyson Daniels,NOP,20.0,200.66,90.264808,,Australia,2022.0,1.0,8.0,59,3.8,3.2,2.3,0.4,0.035,0.14,0.113,0.503,0.172,2022-23,2022,Modern (19+),True,4.6779,7.649999999999999,25.0,6174805.021223736,BENCH
Michael Carter-Williams,ORL,31.0,195.58,86.18248,Syracuse,USA,2013.0,1.0,11.0,4,4.3,1.3,1.8,-32.4,0.021,0.125,0.191,0.498,0.28,2022-23,2022,Modern (19+),False,3.6851999999999996,6.47,25.0,6159205.34740658,BENCH
Ousmane Dieng,OKC,20.0,205.74,83.91452,,France,2022.0,1.0,11.0,39,4.9,2.7,1.2,2.9,0.03,0.141,0.154,0.505,0.108,2022-23,2022,Modern (19+),True,4.444000000000001,7.63,25.0,6158661.7401225,BENCH
Matisse Thybulle,POR,26.0,195.58,91.171992,Washington,USA,2019.0,1.0,20.0,71,4.1,2.0,0.7,-0.5,0.032,0.085,0.102,0.552,0.059,2022-23,2022,Modern (19+),False,3.7536,5.99,25.0,6146378.6488130465,BENCH
Admiral Schofield,ORL,26.0,195.58,109.315672,Tennessee,United Kingdom,2019.0,2.0,42.0,37,4.2,1.7,0.8,-8.3,0.047,0.092,0.139,0.5870000000000001,0.103,2022-23,2022,Modern (19+),True,3.9329000000000005,5.95,25.0,6105334.38404635,BENCH
Bryce McGowens,CHA,20.0,198.12,79.3786,Nebraska,USA,2022.0,2.0,40.0,46,5.3,2.0,1.2,-9.7,0.025,0.088,0.147,0.519,0.098,2022-23,2022,Modern (19+),False,4.4115,7.539999999999999,25.0,6086016.975166925,BENCH
Kevon Harris,ORL,26.0,198.12,97.975872,Stephen F. Austin,USA,,,,34,4.1,2.1,0.5,0.3,0.057,0.092,0.129,0.564,0.049,2022-23,2022,Modern (19+),False,3.778799999999999,5.919999999999999,25.0,6074551.185471324,BENCH
Damian Jones,UTA,28.0,210.82,111.13004,Vanderbilt,USA,2016.0,1.0,30.0,41,3.5,3.0,0.4,-9.0,0.078,0.152,0.102,0.7190000000000001,0.044,2022-23,2022,Modern (19+),False,4.961100000000001,5.88,25.0,6033506.920704627,BENCH
Johnny Juzang,UTA,22.0,198.12,94.800728,UCLA,USA,,,,18,4.8,2.2,0.4,-17.7,0.0289999999999999,0.122,0.187,0.411,0.051,2022-23,2022,Modern (19+),False,3.0414,6.62,25.0,6024696.04183221,BENCH
Nikola Jovic,MIA,20.0,208.28,92.98636,,Serbia,2022.0,1.0,27.0,15,5.5,2.1,0.7,-3.5,0.043,0.119,0.185,0.53,0.076,2022-23,2022,Modern (19+),True,4.399,7.46,25.0,6021443.850761971,BENCH
Aaron Holiday,ATL,26.0,182.88,83.91452,UCLA,USA,2018.0,1.0,23.0,63,3.9,1.2,1.4,0.9,0.0279999999999999,0.059,0.129,0.528,0.135,2022-23,2022,Modern (19+),False,3.4320000000000004,5.72,25.0,5869329.861637834,BENCH
TyTy Washington Jr.,HOU,21.0,190.5,88.45044,Kentucky,USA,2022.0,1.0,29.0,31,4.7,1.5,1.5,-6.1,0.004,0.099,0.17,0.432,0.152,2022-23,2022,Modern (19+),False,3.3264,6.8,25.0,5857332.357521545,BENCH
Daishen Nix,HOU,21.0,193.04,102.511792,,USA,,,,57,4.0,1.7,2.3,-8.2,0.018,0.091,0.149,0.447,0.191,2022-23,2022,Modern (19+),False,3.576,6.799999999999999,25.0,5857332.357521544,BENCH
Udoka Azubuike,UTA,23.0,210.82,122.46984,Kansas,Nigeria,2020.0,1.0,27.0,36,3.5,3.3,0.3,-11.7,0.0819999999999999,0.2239999999999999,0.113,0.774,0.043,2022-23,2022,Modern (19+),True,5.4954,6.02,25.0,5730821.667911532,BENCH
Davis Bertans,DAL,30.0,208.28,102.0582,,Latvia,2011.0,2.0,42.0,45,4.6,1.2,0.5,-4.3,0.02,0.086,0.155,0.618,0.065,2022-23,2022,Modern (19+),True,3.8933999999999997,5.789999999999999,25.0,5708201.214182825,BENCH
Goran Dragic,MIL,37.0,193.04,86.18248,,Slovenia,2008.0,2.0,45.0,58,6.3,1.4,2.6,-0.6,0.018,0.075,0.198,0.514,0.237,2022-23,2022,Modern (19+),True,5.2942,9.1,25.0,5691911.159740743,BENCH
Dominick Barlow,SAS,20.0,205.74,97.52228,,USA,,,,28,3.9,3.6,0.9,-10.7,0.1,0.131,0.107,0.5670000000000001,0.079,2022-23,2022,Modern (19+),False,4.7628,7.05,25.0,5690506.588186582,BENCH
Kenneth Lofton Jr.,MEM,20.0,198.12,124.7378,Louisiana Tech,USA,,,,24,5.0,2.1,0.8,-13.4,0.0969999999999999,0.198,0.267,0.5720000000000001,0.198,2022-23,2022,Modern (19+),False,4.518800000000001,7.029999999999999,25.0,5674363.307085343,BENCH
Thaddeus Young,TOR,35.0,203.2,106.59412,Georgia Tech,USA,2007.0,1.0,12.0,54,4.4,3.1,1.4,-5.6,0.083,0.136,0.131,0.573,0.133,2022-23,2022,Modern (19+),False,5.0996999999999995,7.55,25.0,5653751.01834094,BENCH
Moses Moody,GSW,21.0,195.58,95.707912,Arkansas,USA,2021.0,1.0,14.0,63,4.8,1.7,0.8,-0.6,0.034,0.091,0.141,0.603,0.085,2022-23,2022,Modern (19+),False,4.4018999999999995,6.55,25.0,5641989.256142076,BENCH
Keon Johnson,POR,21.0,190.5,83.91452,Tennessee,USA,2021.0,1.0,21.0,40,4.7,1.1,1.5,-16.2,0.025,0.086,0.237,0.482,0.226,2022-23,2022,Modern (19+),False,3.5186,6.5200000000000005,25.0,5616148.08397654,BENCH
Usman Garuba,HOU,21.0,203.2,103.872568,,Spain,2021.0,1.0,23.0,75,3.0,4.1,0.9,-12.2,0.11,0.1939999999999999,0.099,0.569,0.096,2022-23,2022,Modern (19+),True,4.552,6.499999999999999,25.0,5598920.635866182,BENCH
Kira Lewis Jr.,NOP,22.0,185.42,77.11064,Alabama,USA,2020.0,1.0,13.0,25,4.6,1.3,0.9,11.2,0.021,0.109,0.192,0.584,0.1369999999999999,2022-23,2022,Modern (19+),False,3.9711999999999996,6.14,25.0,5587860.075052834,BENCH
Juancho Hernangomez,TOR,27.0,205.74,97.068688,,Spain,2016.0,1.0,15.0,42,2.9,2.9,0.6,0.5,0.042,0.1689999999999999,0.092,0.504,0.051,2022-23,2022,Modern (19+),True,3.2255999999999996,5.35,25.0,5517187.499999999,BENCH
Juan Toscano-Anderson,UTA,30.0,198.12,94.800728,Marquette,USA,,,,52,3.0,2.4,1.3,-9.9,0.037,0.128,0.109,0.505,0.122,2022-23,2022,Modern (19+),False,3.3835,5.59,25.0,5511026.733554748,BENCH
Micah Potter,UTA,25.0,203.2,112.490816,Wisconsin,USA,,,,7,3.4,2.3,0.6,-4.2,0.046,0.22,0.121,0.8,0.133,2022-23,2022,Modern (19+),False,5.039999999999999,5.43,25.0,5488806.25843242,BENCH
AJ Green,MIL,23.0,195.58,86.18248,Northern Iowa,USA,,,,35,4.4,1.3,0.6,-4.9,0.016,0.105,0.159,0.607,0.092,2022-23,2022,Modern (19+),False,3.8240999999999996,5.73,25.0,5454752.18557028,BENCH
Rudy Gay,UTA,36.0,203.2,113.398,Connecticut,USA,2006.0,1.0,8.0,56,5.2,2.9,1.0,2.9,0.038,0.148,0.174,0.473,0.095,2022-23,2022,Modern (19+),False,4.3043,7.930000000000001,25.0,5454411.3010485675,BENCH
Trevelin Queen,IND,26.0,198.12,86.18248,New Mexico State,USA,,,,7,3.0,2.4,0.9,9.2,0.086,0.138,0.1939999999999999,0.337,0.109,2022-23,2022,Modern (19+),False,2.1231000000000004,5.31,25.0,5448626.147779178,BENCH
Serge Ibaka,MIL,33.0,210.82,106.59412,,Democratic Republic of the Congo,2008.0,1.0,24.0,16,4.1,2.8,0.3,-6.5,0.073,0.153,0.159,0.5529999999999999,0.036,2022-23,2022,Modern (19+),True,3.9815999999999994,6.27,25.0,5400804.982597071,BENCH
Christian Koloko,TOR,23.0,213.36,104.32616,Arizona,Cameroon,2022.0,2.0,33.0,58,3.1,2.9,0.5,9.0,0.094,0.11,0.1,0.517,0.05,2022-23,2022,Modern (19+),True,3.3605,5.4799999999999995,25.0,5216761.252517475,BENCH
Dru Smith,BKN,25.0,190.5,92.079176,Missouri,USA,,,,15,2.9,1.6,1.5,-8.8,0.012,0.132,0.133,0.475,0.206,2022-23,2022,Modern (19+),False,2.8499999999999996,5.069999999999999,25.0,5124907.500967287,BENCH
Jason Preston,LAC,23.0,190.5,82.10015200000001,Ohio,USA,2021.0,2.0,33.0,14,2.9,1.6,1.9,-1.6,0.0139999999999999,0.175,0.166,0.489,0.307,2022-23,2022,Modern (19+),False,3.1296,5.35,25.0,5093005.967330016,BENCH
Amir Coffey,LAC,26.0,200.66,95.25432,Minnesota,USA,,,,50,3.4,1.1,1.1,-8.9,0.026,0.055,0.128,0.498,0.119,2022-23,2022,Modern (19+),False,2.7887999999999997,4.9399999999999995,25.0,5068966.69868722,BENCH
Furkan Korkmaz,PHI,25.0,200.66,91.625584,,Turkey,2016.0,1.0,26.0,37,3.8,1.1,0.6,1.4,0.017,0.099,0.176,0.552,0.091,2022-23,2022,Modern (19+),True,3.0360000000000005,4.99,25.0,5044041.110419481,BENCH
Markieff Morris,DAL,33.0,205.74,111.13004,Kansas,USA,2011.0,1.0,13.0,35,3.8,2.0,0.9,1.7,0.037,0.15,0.159,0.5529999999999999,0.114,2022-23,2022,Modern (19+),False,3.7051,5.829999999999999,25.0,5021801.124169206,BENCH
Nathan Knight,MIN,25.0,203.2,114.758776,William & Mary,USA,,,,38,3.7,1.5,0.3,-2.3,0.072,0.118,0.177,0.655,0.065,2022-23,2022,Modern (19+),False,3.6025,4.96,25.0,5013716.2139640525,BENCH
Kai Jones,CHA,22.0,210.82,100.243832,Texas,Bahamas,2021.0,1.0,19.0,46,3.4,2.7,0.3,-3.1,0.065,0.146,0.121,0.597,0.0409999999999999,2022-23,2022,Modern (19+),True,3.8207999999999993,5.5,25.0,5005412.119347002,BENCH
David Duke Jr.,BKN,23.0,193.04,92.532768,Providence,USA,,,,23,3.7,1.3,0.9,-6.3,0.049,0.078,0.187,0.497,0.145,2022-23,2022,Modern (19+),False,2.9323,5.24,25.0,4988289.956786783,BENCH
Jared Rhoden,DET,23.0,198.12,95.25432,Seton Hall,USA,,,,14,3.2,2.6,0.3,4.3,0.055,0.135,0.106,0.482,0.0279999999999999,2022-23,2022,Modern (19+),False,2.9402000000000004,5.2299999999999995,25.0,4978770.3194646705,BENCH
George Hill,IND,37.0,193.04,85.275296,Indiana-Purdue Indianapolis,USA,2008.0,1.0,26.0,46,5.0,1.8,2.4,1.9,0.017,0.077,0.11,0.61,0.178,2022-23,2022,Modern (19+),False,5.611999999999999,7.9399999999999995,25.0,4966348.858059506,BENCH
Raul Neto,CLE,31.0,187.96,81.64656,,Brazil,2013.0,2.0,47.0,48,3.3,1.0,1.6,1.4,0.022,0.071,0.133,0.628,0.226,2022-23,2022,Modern (19+),True,3.7052,5.12,25.0,4874054.308921436,BENCH
Anthony Gill,WAS,30.0,203.2,104.32616,Virginia,USA,,,,59,3.3,1.7,0.6,-0.8,0.0579999999999999,0.1,0.1159999999999999,0.604,0.074,2022-23,2022,Modern (19+),False,3.3823999999999996,4.91,25.0,4840633.499419287,BENCH
Justin Holiday,DAL,34.0,198.12,81.64656,Washington,USA,,,,46,4.5,1.2,0.9,-9.1,0.0069999999999999,0.067,0.132,0.494,0.08,2022-23,2022,Modern (19+),False,3.2604,5.97,25.0,4818769.408719701,BENCH
Darius Days,HOU,23.0,200.66,111.13004,Louisiana State,USA,,,,4,3.8,1.5,0.3,-0.2,0.034,0.2269999999999999,0.21,0.5820000000000001,0.067,2022-23,2022,Modern (19+),False,3.2592000000000003,5.06,25.0,4816936.484988763,BENCH
Jabari Walker,POR,20.0,200.66,90.7184,Colorado,USA,2022.0,2.0,57.0,56,3.9,2.3,0.6,-9.0,0.074,0.135,0.1639999999999999,0.496,0.08,2022-23,2022,Modern (19+),False,3.3727999999999994,5.93,25.0,4786482.846517224,BENCH
JaVale McGee,DAL,35.0,213.36,122.46984,Nevada,USA,2008.0,1.0,18.0,42,4.4,2.5,0.3,-7.3,0.086,0.1989999999999999,0.214,0.65,0.051,2022-23,2022,Modern (19+),False,4.680000000000001,6.36,25.0,4762629.99690707,BENCH
Trent Forrest,ATL,25.0,193.04,95.25432,Florida State,USA,,,,23,2.3,1.6,1.7,-10.1,0.018,0.1169999999999999,0.1159999999999999,0.424,0.186,2022-23,2022,Modern (19+),False,2.3743999999999996,4.609999999999999,25.0,4659925.755317396,BENCH
Danny Green,CLE,36.0,198.12,97.52228,North Carolina,USA,2009.0,2.0,46.0,11,5.5,1.3,0.5,-5.5,0.023,0.08,0.187,0.617,0.065,2022-23,2022,Modern (19+),False,4.5041,6.76,25.0,4649662.092697139,BENCH
Matt Ryan,MIN,26.0,198.12,97.52228,Tennessee-Chattanooga,USA,,,,34,3.6,0.8,0.5,2.2,0.013,0.067,0.157,0.5379999999999999,0.068,2022-23,2022,Modern (19+),False,2.6361999999999997,4.51,25.0,4627740.852445215,BENCH
Richaun Holmes,SAC,29.0,203.2,106.59412,Bowling Green,USA,2015.0,2.0,37.0,42,3.1,1.9,0.2,-9.3,0.0819999999999999,0.149,0.132,0.6679999999999999,0.04,2022-23,2022,Modern (19+),False,3.4736,4.569999999999999,25.0,4619492.560043492,BENCH
JT Thor,CHA,20.0,205.74,92.079176,Auburn,USA,2021.0,2.0,37.0,69,3.8,2.2,0.5,-7.5,0.035,0.115,0.13,0.506,0.054,2022-23,2022,Modern (19+),False,3.289,5.6899999999999995,25.0,4592763.473302362,BENCH
Frank Ntilikina,DAL,24.0,193.04,90.7184,,France,2017.0,1.0,8.0,47,2.9,1.3,1.2,5.1,0.011,0.086,0.125,0.461,0.127,2022-23,2022,Modern (19+),True,2.4894000000000003,4.6499999999999995,25.0,4584306.674602786,BENCH
Bryn Forbes,MIN,29.0,187.96,92.98636,Michigan State,USA,,,,25,3.6,0.6,0.7,-8.5,0.015,0.04,0.155,0.497,0.087,2022-23,2022,Modern (19+),False,2.4353000000000002,4.510000000000001,25.0,4558842.767132637,BENCH
Theo Pinson,DAL,27.0,200.66,96.161504,North Carolina,USA,,,,40,2.4,1.6,1.2,-7.6,0.0289999999999999,0.163,0.136,0.512,0.196,2022-23,2022,Modern (19+),False,2.6624000000000003,4.359999999999999,25.0,4496249.999999999,BENCH
Caleb Houstan,ORL,20.0,203.2,92.98636,Michigan,Canada,2022.0,2.0,32.0,51,3.8,1.9,0.6,-5.3,0.0409999999999999,0.083,0.107,0.508,0.051,2022-23,2022,Modern (19+),True,3.2003999999999997,5.55,25.0,4479760.505593692,BENCH
Nerlens Noel,BKN,29.0,208.28,99.79024,Kentucky,USA,2013.0,1.0,6.0,17,2.1,2.7,0.6,-16.8,0.047,0.1889999999999999,0.113,0.424,0.074,2022-23,2022,Modern (19+),False,2.2896,4.41,25.0,4457759.778947878,BENCH
Miles McBride,NYK,22.0,187.96,88.45044,West Virginia,USA,2021.0,2.0,36.0,64,3.5,0.8,1.1,3.6,0.016,0.047,0.141,0.475,0.13,2022-23,2022,Modern (19+),False,2.565,4.83,25.0,4395661.915717458,BENCH
Jamaree Bouyea,WAS,24.0,187.96,81.64656,San Francisco,USA,,,,5,3.0,1.2,0.8,-13.2,0.016,0.086,0.12,0.504,0.091,2022-23,2022,Modern (19+),False,2.52,4.3999999999999995,25.0,4337838.57381769,BENCH
A.J. Lawson,DAL,22.0,198.12,81.19296800000001,South Carolina,Canada,,,,15,3.7,1.4,0.1,-20.1,0.046,0.152,0.1889999999999999,0.589,0.032,2022-23,2022,Modern (19+),True,3.0627999999999993,4.75,25.0,4322855.92125423,BENCH
Jordan Hall,SAS,21.0,200.66,97.52228,St. Joseph's (PA),USA,,,,9,3.1,1.3,1.2,-13.1,0.033,0.129,0.1969999999999999,0.4379999999999999,0.22,2022-23,2022,Modern (19+),False,2.4527999999999994,4.85,25.0,4177656.16676169,BENCH
Patrick Baldwin,GSW,20.0,205.74,99.79024,Wisconsin-Milwaukee,USA,2022.0,1.0,28.0,31,3.9,1.3,0.4,-12.3,0.004,0.188,0.2269999999999999,0.546,0.083,2022-23,2022,Modern (19+),False,3.0576000000000003,5.09,25.0,4108465.0402652053,BENCH
Carlik Jones,CHI,25.0,182.88,78.92500799999999,Louisville,USA,,,,7,2.9,0.7,0.9,20.7,0.016,0.069,0.153,0.54,0.133,2022-23,2022,Modern (19+),False,2.43,4.02,25.0,4063536.125027316,BENCH
Ish Smith,DEN,34.0,182.88,79.3786,Wake Forest,USA,,,,43,2.5,1.3,2.3,-5.3,0.0139999999999999,0.1159999999999999,0.187,0.407,0.352,2022-23,2022,Modern (19+),False,2.4827,5.02,25.0,4051963.556410871,BENCH
Frank Kaminsky,HOU,30.0,213.36,108.86208,Wisconsin,USA,2015.0,1.0,9.0,36,2.5,1.4,0.9,-1.9,0.0289999999999999,0.207,0.146,0.635,0.1939999999999999,2022-23,2022,Modern (19+),False,3.048,4.11,25.0,4051935.57690698,BENCH
Jake LaRavia,MEM,21.0,200.66,106.59412,Wake Forest,USA,2022.0,1.0,19.0,35,3.0,1.8,0.6,-7.6,0.044,0.1,0.1169999999999999,0.531,0.068,2022-23,2022,Modern (19+),False,2.8674,4.68,25.0,4031222.857823651,BENCH
Kessler Edwards,SAC,22.0,200.66,92.079176,Pepperdine,USA,2021.0,2.0,44.0,36,2.8,1.7,0.6,2.2,0.059,0.102,0.119,0.502,0.073,2022-23,2022,Modern (19+),False,2.5602,4.41,25.0,4013430.4447855055,BENCH
Jeff Dowtin Jr.,TOR,26.0,190.5,80.28578399999998,Rhode Island,USA,,,,25,2.4,0.9,1.2,-0.6,0.022,0.069,0.106,0.5,0.154,2022-23,2022,Modern (19+),False,2.25,3.8699999999999997,25.0,3971032.6161780446,BENCH
Mamadi Diakite,CLE,26.0,205.74,103.418976,Virginia,Guinea,,,,22,2.6,1.4,0.4,0.7,0.051,0.133,0.1639999999999999,0.56,0.07,2022-23,2022,Modern (19+),True,2.4640000000000004,3.86,25.0,3960771.5499863713,BENCH
Terry Taylor,CHI,23.0,193.04,104.32616,Austin Peay,USA,,,,31,2.9,1.5,0.3,4.5,0.088,0.076,0.129,0.557,0.052,2022-23,2022,Modern (19+),False,2.6179,4.16,25.0,3960169.1259986674,BENCH
Boban Marjanovic,HOU,34.0,223.52,131.54168,,Serbia,,,,31,3.3,1.9,0.3,18.5,0.121,0.226,0.206,0.71,0.079,2022-23,2022,Modern (19+),True,3.9049999999999994,4.84,25.0,3906674.0264997235,BENCH
Neemias Queta,SAC,23.0,213.36,112.490816,Utah State,Portugal,2021.0,2.0,39.0,5,2.4,2.2,0.2,-43.5,0.135,0.214,0.141,0.607,0.067,2022-23,2022,Modern (19+),True,2.9135999999999997,4.08,25.0,3884012.0274217706,BENCH
Alize Johnson,SAS,27.0,203.2,96.161504,Missouri State,USA,2018.0,2.0,50.0,4,1.8,2.5,0.3,19.0,0.063,0.211,0.145,0.509,0.042,2022-23,2022,Modern (19+),False,2.3413999999999997,3.76,25.0,3877499.999999999,BENCH
Peyton Watson,DEN,20.0,200.66,90.7184,UCLA,USA,2022.0,1.0,30.0,23,3.3,1.6,0.5,-12.0,0.043,0.139,0.174,0.5529999999999999,0.087,2022-23,2022,Modern (19+),False,2.9861999999999997,4.77,25.0,3850172.542645389,BENCH
Moussa Diabate,LAC,21.0,208.28,95.25432,Michigan,France,2022.0,2.0,43.0,22,2.7,2.3,0.2,-3.2,0.1369999999999999,0.106,0.125,0.546,0.0289999999999999,2022-23,2022,Modern (19+),True,2.8392000000000004,4.45,25.0,3833107.2045545406,BENCH
P.J. Tucker,PHI,38.0,195.58,111.13004,Texas,USA,2006.0,2.0,35.0,75,3.5,3.9,0.8,4.0,0.055,0.108,0.066,0.5660000000000001,0.04,2022-23,2022,Modern (19+),False,4.641200000000001,6.79,25.0,3823715.52428624,BENCH
Isaiah Mobley,CLE,23.0,203.2,107.954896,Southern California,USA,2022.0,2.0,49.0,12,2.6,1.7,0.3,19.8,0.053,0.174,0.166,0.521,0.054,2022-23,2022,Modern (19+),False,2.3966,4.0,25.0,3807854.9288448724,BENCH
Max Christie,LAL,20.0,195.58,86.18248,Michigan State,USA,2022.0,2.0,35.0,41,3.1,1.8,0.5,-7.1,0.012,0.126,0.1,0.5660000000000001,0.054,2022-23,2022,Modern (19+),False,3.0564000000000004,4.71,25.0,3801742.6993416734,BENCH
Wesley Matthews,MIL,36.0,195.58,99.79024,Marquette,USA,,,,52,3.4,2.2,0.7,2.8,0.04,0.087,0.095,0.519,0.053,2022-23,2022,Modern (19+),False,3.2697,5.43,25.0,3734861.7105540633,BENCH
Josh Minott,MIN,20.0,203.2,92.98636,Memphis,USA,2022.0,2.0,45.0,15,3.1,1.7,0.3,10.4,0.054,0.1939999999999999,0.176,0.5820000000000001,0.065,2022-23,2022,Modern (19+),False,2.9682,4.5,25.0,3632238.247778669,BENCH
Alex Len,SAC,30.0,218.44,113.398,Maryland,Ukraine,2013.0,1.0,5.0,26,1.7,2.3,0.5,6.6,0.143,0.1939999999999999,0.132,0.58,0.099,2022-23,2022,Modern (19+),True,2.61,3.6599999999999997,25.0,3608292.9954938064,BENCH
Tyler Dorsey,DAL,27.0,193.04,81.64656,Oregon,USA,2017.0,2.0,41.0,3,3.0,0.7,0.0,7.0,0.1,0.1,0.2269999999999999,0.9,0.0,2022-23,2022,Modern (19+),False,3.33,3.4899999999999998,25.0,3599062.4999999995,BENCH
Justin Champagnie,BOS,22.0,198.12,93.439952,Pittsburgh,USA,,,,5,2.2,1.6,0.8,-9.5,0.088,0.179,0.188,0.367,0.148,2022-23,2022,Modern (19+),False,1.6882000000000001,3.8800000000000003,25.0,3531090.731466613,BENCH
Davon Reed,LAL,28.0,195.58,93.439952,Miami,USA,2017.0,2.0,32.0,43,2.1,1.4,0.5,-14.1,0.031,0.146,0.142,0.471,0.099,2022-23,2022,Modern (19+),False,1.884,3.43,25.0,3519545.703744366,BENCH
Xavier Moon,LAC,28.0,182.88,74.84268,Morehead State,USA,,,,4,1.8,0.8,1.3,9.8,0.0,0.15,0.233,0.389,0.455,2022-23,2022,Modern (19+),False,1.5171000000000001,3.2699999999999996,25.0,3355368.644677573,BENCH
Khem Birch,SAS,30.0,203.2,105.68693600000002,UNLV,Canada,,,,20,2.2,1.3,0.4,2.8,0.051,0.118,0.113,0.629,0.063,2022-23,2022,Modern (19+),True,2.4531,3.39,25.0,3342107.446645903,BENCH
Kennedy Chandler,MEM,20.0,180.34,77.11064,Tennessee,USA,2022.0,2.0,38.0,36,2.2,1.1,1.6,-5.4,0.0289999999999999,0.103,0.15,0.44,0.278,2022-23,2022,Modern (19+),False,2.156,4.09,25.0,3301300.985203279,BENCH
Mfiondu Kabengele,BOS,25.0,208.28,113.398,Florida State,Canada,2019.0,1.0,27.0,4,1.5,2.5,0.0,-6.9,0.132,0.152,0.107,0.381,0.0,2022-23,2022,Modern (19+),True,1.524,3.25,25.0,3285197.116004672,BENCH
Robin Lopez,CLE,35.0,213.36,127.459352,Stanford,USA,2008.0,1.0,15.0,37,3.0,1.4,0.5,-8.7,0.075,0.0969999999999999,0.156,0.675,0.105,2022-23,2022,Modern (19+),False,3.3075000000000006,4.33,25.0,3242482.372108115,BENCH
James Johnson,IND,36.0,200.66,108.86208,Wake Forest,USA,2009.0,1.0,16.0,18,2.8,1.7,0.8,-1.1,0.022,0.173,0.152,0.486,0.135,2022-23,2022,Modern (19+),False,2.5757999999999996,4.55,25.0,3129580.254699997,BENCH
Lester Quinones,GSW,22.0,193.04,94.347136,Memphis,USA,,,,4,2.5,0.8,0.5,14.6,0.071,0.087,0.283,0.654,0.125,2022-23,2022,Modern (19+),False,2.4852,3.41,25.0,3103355.5139951413,BENCH
Taj Gibson,WAS,38.0,205.74,105.233344,Southern California,USA,2009.0,1.0,26.0,49,3.4,1.9,0.7,-1.1,0.068,0.143,0.151,0.585,0.094,2022-23,2022,Modern (19+),False,3.51,5.22,25.0,2939586.8979048855,BENCH
Isaiah Todd,WAS,21.0,205.74,99.336648,,USA,2021.0,2.0,31.0,6,1.5,2.0,0.7,-6.7,0.027,0.152,0.143,0.226,0.087,2022-23,2022,Modern (19+),False,0.9492,3.3899999999999997,25.0,2920052.454705593,BENCH
Ron Harper Jr.,TOR,23.0,195.58,111.13004,Rutgers,USA,,,,9,2.2,0.8,0.4,21.8,0.054,0.093,0.136,0.608,0.108,2022-23,2022,Modern (19+),False,2.0671999999999997,3.04,25.0,2893969.745922103,BENCH
Jaden Springer,PHI,20.0,193.04,91.625584,Tennessee,USA,2021.0,1.0,28.0,16,2.6,0.9,0.5,-2.1,0.063,0.091,0.188,0.545,0.129,2022-23,2022,Modern (19+),False,2.18,3.58,25.0,2889647.317121697,BENCH
Noah Vonleh,BOS,27.0,208.28,116.573144,Indiana,USA,2014.0,1.0,9.0,23,1.1,2.1,0.3,-1.4,0.11,0.174,0.09,0.502,0.051,2022-23,2022,Modern (19+),False,1.7570000000000001,2.7800000000000002,25.0,2866875.0,BENCH
John Butler Jr.,POR,20.0,213.36,86.18248,Florida State,USA,,,,19,2.4,0.9,0.6,-16.1,0.012,0.065,0.102,0.411,0.066,2022-23,2022,Modern (19+),False,1.6028999999999998,3.4499999999999997,25.0,2784715.989963646,BENCH
Scotty Pippen Jr.,LAL,22.0,185.42,77.11064,Vanderbilt,USA,,,,6,2.3,0.7,0.3,-1.5,0.05,0.057,0.231,0.439,0.125,2022-23,2022,Modern (19+),False,1.4486999999999999,2.9999999999999996,25.0,2730224.792371092,BENCH
Ryan Arcidiacono,POR,29.0,190.5,88.45044,Villanova,USA,,,,20,1.3,0.8,1.2,-12.8,0.0,0.09,0.106,0.351,0.195,2022-23,2022,Modern (19+),False,1.1582999999999999,2.6999999999999997,25.0,2729240.680988496,BENCH
Dalen Terry,CHI,20.0,200.66,88.45044,Arizona,USA,2022.0,1.0,18.0,38,2.2,1.0,0.6,3.3,0.0559999999999999,0.1169999999999999,0.173,0.523,0.157,2022-23,2022,Modern (19+),False,1.9874000000000003,3.3200000000000003,25.0,2679784.6628055964,BENCH
Vince Williams Jr.,MEM,22.0,193.04,92.98636,Virginia Commonwealth,USA,2022.0,2.0,47.0,15,2.0,1.0,0.3,-14.8,0.03,0.12,0.176,0.367,0.062,2022-23,2022,Modern (19+),False,1.2110999999999998,2.91,25.0,2648318.04859996,BENCH
Andre Iguodala,GSW,39.0,198.12,97.52228,Arizona,USA,2004.0,1.0,9.0,8,2.1,2.1,2.4,12.0,0.027,0.113,0.089,0.521,0.183,2022-23,2022,Modern (19+),False,3.4386,5.25,25.0,2635307.135783284,BENCH
PJ Dozier,SAC,26.0,198.12,92.98636,South Carolina,USA,,,,16,1.4,0.9,0.6,-12.9,0.012,0.171,0.203,0.3329999999999999,0.196,2022-23,2022,Modern (19+),False,0.9656999999999997,2.4499999999999997,25.0,2513961.2169602606,BENCH
Thanasis Antetokounmpo,MIL,30.0,200.66,99.336648,,Greece,2014.0,2.0,51.0,37,1.4,1.2,0.4,-26.6,0.075,0.139,0.138,0.4579999999999999,0.115,2022-23,2022,Modern (19+),True,1.3739999999999994,2.5199999999999996,25.0,2484398.455913768,BENCH
Devon Dotson,WAS,23.0,185.42,83.91452,Kansas,USA,,,,6,0.5,1.7,1.3,-5.7,0.107,0.085,0.102,0.15,0.211,2022-23,2022,Modern (19+),False,0.525,2.5999999999999996,25.0,2475105.7037491663,BENCH
Matthew Dellavedova,SAC,32.0,190.5,90.7184,,Australia,,,,32,1.5,0.4,1.3,-8.8,0.005,0.054,0.122,0.4429999999999999,0.2789999999999999,2022-23,2022,Modern (19+),True,1.4175999999999997,2.69,25.0,2448101.563826079,BENCH
Greg Brown III,POR,21.0,200.66,93.439952,Texas,USA,2021.0,2.0,43.0,16,1.8,1.2,0.2,-3.4,0.019,0.175,0.17,0.421,0.055,2022-23,2022,Modern (19+),False,1.3472,2.7800000000000002,25.0,2394615.2873396906,BENCH
Cole Swider,LAL,24.0,205.74,99.79024,Syracuse,USA,,,,7,1.3,1.0,0.6,3.3,0.024,0.158,0.089,0.5,0.105,2022-23,2022,Modern (19+),False,1.45,2.42,25.0,2385811.2155997297,BENCH
Ryan Rollins,GSW,20.0,190.5,81.64656,Toledo,USA,2022.0,2.0,44.0,12,1.9,1.0,0.5,-38.1,0.043,0.153,0.26,0.508,0.214,2022-23,2022,Modern (19+),False,1.7272,2.9499999999999997,25.0,2381133.9624326825,BENCH
Donovan Williams,ATL,21.0,198.12,86.18248,UNLV,USA,,,,2,2.0,1.0,0.0,60.0,0.0,0.4,0.385,0.4,0.0,2022-23,2022,Modern (19+),False,1.2000000000000002,2.7,25.0,2325705.4948982606,BENCH
Tony Bradley,CHI,25.0,210.82,112.490816,North Carolina,USA,2017.0,1.0,28.0,12,1.6,0.9,0.1,9.9,0.0289999999999999,0.278,0.174,0.69,0.042,2022-23,2022,Modern (19+),False,1.7939999999999998,2.3,25.0,2324908.72824946,BENCH
Kobi Simmons,CHA,25.0,195.58,81.64656,Arizona,USA,,,,5,1.0,0.8,1.0,-34.9,0.036,0.088,0.119,0.363,0.313,2022-23,2022,Modern (19+),False,1.0164,2.26,25.0,2284475.532975556,BENCH
JD Davison,BOS,20.0,185.42,88.45044,Alabama,USA,2022.0,2.0,53.0,12,1.6,0.8,0.9,-5.8,0.033,0.093,0.157,0.478,0.2339999999999999,2022-23,2022,Modern (19+),False,1.5774000000000001,2.79,25.0,2251987.713622775,BENCH
KZ Okpala,SAC,24.0,203.2,97.52228,Stanford,USA,2019.0,2.0,32.0,35,1.3,1.0,0.4,1.5,0.0279999999999999,0.102,0.081,0.5539999999999999,0.065,2022-23,2022,Modern (19+),False,1.4957999999999996,2.28,25.0,2247789.0791600756,BENCH
Buddy Boeheim,DET,23.0,198.12,92.98636,Syracuse,USA,,,,10,1.6,0.6,0.4,2.7,0.022,0.043,0.131,0.287,0.059,2022-23,2022,Modern (19+),False,0.7462,2.3,25.0,2189516.584085801,BENCH
Trevor Hudgins,HOU,24.0,182.88,81.64656,Northwest Missouri State,USA,,,,5,1.8,0.0,0.6,7.0,0.0,0.0,0.177,0.436,0.176,2022-23,2022,Modern (19+),False,1.0464,2.22,25.0,2188636.734971653,BENCH
Vit Krejci,ATL,23.0,203.2,88.45044,,Czech Republic,2020.0,2.0,37.0,29,1.2,0.9,0.6,-1.8,0.036,0.125,0.108,0.475,0.1369999999999999,2022-23,2022,Modern (19+),True,1.2825,2.25,25.0,2141918.3974752408,BENCH
Frank Jackson,UTA,25.0,190.5,92.98636,Duke,USA,2017.0,2.0,31.0,1,0.0,2.0,1.0,-22.2,0.125,0.3329999999999999,0.25,0.0,0.25,2022-23,2022,Modern (19+),False,0.0,2.0999999999999996,25.0,2122742.7518799417,BENCH
Chima Moneke,SAC,27.0,195.58,101.151016,Cal-Davis,Nigeria,,,,2,1.0,1.0,0.5,-57.2,0.25,0.0,0.25,0.347,0.25,2022-23,2022,Modern (19+),True,0.8674999999999999,2.05,25.0,2114062.4999999995,BENCH
Facundo Campazzo,DAL,32.0,177.8,88.45044,,Argentina,,,,8,1.3,0.3,1.1,11.0,0.0,0.0409999999999999,0.144,0.36,0.3,2022-23,2022,Modern (19+),True,0.972,2.2800000000000002,25.0,2074970.8422020301,BENCH
Jack White,DEN,25.0,200.66,102.0582,Duke,Australia,,,,17,1.2,1.0,0.2,-14.1,0.086,0.177,0.133,0.517,0.093,2022-23,2022,Modern (19+),True,1.2408000000000001,2.04,25.0,2062092.9589690864,BENCH
Kendall Brown,IND,20.0,200.66,92.98636,Baylor,USA,2022.0,2.0,48.0,6,1.5,1.0,0.5,8.2,0.051,0.089,0.093,0.5710000000000001,0.091,2022-23,2022,Modern (19+),False,1.713,2.5500000000000003,25.0,2058268.3404079126,BENCH
Chris Silva,DAL,26.0,203.2,106.140528,South Carolina,Gabon,,,,1,2.0,0.0,0.0,12.5,0.0,0.0,0.25,1.0,0.0,2022-23,2022,Modern (19+),True,2.0,2.0,25.0,2052213.238334907,BENCH
Keon Ellis,SAC,23.0,190.5,79.3786,Alabama,USA,,,,16,1.5,0.5,0.4,-14.3,0.0559999999999999,0.063,0.124,0.629,0.136,2022-23,2022,Modern (19+),False,1.5096,2.13,25.0,2027682.7496098946,BENCH
Stanley Umude,DET,24.0,198.12,95.25432,Arkansas,USA,,,,1,2.0,0.0,0.0,95.0,0.0,0.0,0.5,0.532,0.0,2022-23,2022,Modern (19+),False,1.064,2.0,25.0,1971744.8062807687,BENCH
Dylan Windler,CLE,26.0,200.66,88.904032,Belmont,USA,2019.0,1.0,26.0,3,1.7,0.0,0.3,4.4,0.0,0.0,0.182,0.833,0.2,2022-23,2022,Modern (19+),False,1.666,1.91,25.0,1959863.6426098365,BENCH
Wendell Moore Jr.,MIN,21.0,195.58,97.52228,Duke,USA,2022.0,1.0,26.0,29,1.4,0.6,0.6,-13.5,0.025,0.086,0.139,0.465,0.162,2022-23,2022,Modern (19+),False,1.209,2.2399999999999998,25.0,1929474.188360038,BENCH
Tyrese Martin,ATL,24.0,198.12,97.52228,Connecticut,USA,2022.0,2.0,51.0,16,1.3,0.8,0.1,2.3,0.065,0.109,0.1639999999999999,0.44,0.044,2022-23,2022,Modern (19+),False,0.9680000000000001,1.93,25.0,1902733.7380609417,BENCH
Jordan Schakel,WAS,25.0,198.12,90.7184,San Diego State,USA,,,,2,1.5,0.0,0.5,50.0,0.0,0.0,0.154,0.75,0.1669999999999999,2022-23,2022,Modern (19+),False,1.5,1.85,25.0,1870035.2814180444,BENCH
Sterling Brown,LAL,28.0,195.58,99.336648,Southern Methodist,USA,2017.0,2.0,46.0,4,0.0,2.0,0.5,0.4,0.091,0.152,0.061,0.0,0.077,2022-23,2022,Modern (19+),False,0.0,1.75,25.0,1795686.5835430436,BENCH
Garrett Temple,NOP,37.0,198.12,88.45044,Louisiana State,USA,,,,25,2.0,0.7,0.5,-5.3,0.027,0.069,0.123,0.535,0.1169999999999999,2022-23,2022,Modern (19+),False,1.7120000000000002,2.84,25.0,1776376.6696333752,BENCH
Justin Jackson,BOS,28.0,203.2,99.79024,North Carolina,USA,2017.0,1.0,15.0,23,0.9,0.7,0.4,-28.3,0.017,0.119,0.122,0.359,0.145,2022-23,2022,Modern (19+),False,0.718,1.67,25.0,1713598.0540096473,BENCH
Braxton Key,DET,26.0,203.2,102.0582,Virginia,USA,,,,3,1.3,0.3,0.0,-4.5,0.0,0.067,0.091,1.064,0.0,2022-23,2022,Modern (19+),False,1.7024000000000001,1.51,25.0,1549420.994942855,BENCH
Malcolm Hill,CHI,27.0,198.12,99.79024,Illinois,USA,,,,5,1.0,0.6,0.0,39.1,0.0,0.214,0.1669999999999999,0.625,0.0,2022-23,2022,Modern (19+),False,1.0,1.42,25.0,1464375.0,BENCH
Udonis Haslem,MIA,43.0,200.66,106.59412,Florida,USA,,,,7,3.9,1.6,0.0,-11.8,0.047,0.1009999999999999,0.185,0.433,0.0,2022-23,2022,Modern (19+),False,2.3815,5.02,25.0,1439364.3497836292,BENCH
Joe Wieskamp,TOR,23.0,198.12,92.98636,Iowa,USA,2021.0,2.0,41.0,9,1.0,0.4,0.3,1.0,0.0,0.068,0.115,0.321,0.083,2022-23,2022,Modern (19+),False,0.5457,1.49,25.0,1418425.9609947149,BENCH
Vernon Carey Jr.,UTA,22.0,208.28,122.46984,Duke,USA,2020.0,2.0,32.0,11,0.5,1.0,0.3,-17.3,0.081,0.296,0.147,0.3379999999999999,0.214,2022-23,2022,Modern (19+),False,0.6083999999999998,1.41,25.0,1283205.6524144132,BENCH
Trevor Keels,NYK,19.0,193.04,100.243832,Duke,USA,2022.0,2.0,42.0,3,1.0,0.7,0.0,-94.7,0.0,0.25,0.211,0.375,0.0,2022-23,2022,Modern (19+),False,0.6375,1.49,25.0,1115773.3797785433,BENCH
Marko Simonovic,CHI,23.0,213.36,99.79024,,Montenegro,2020.0,2.0,44.0,7,0.9,0.3,0.0,27.3,0.043,0.059,0.145,0.381,0.0,2022-23,2022,Modern (19+),True,0.4572,1.11,25.0,1056679.7427544522,BENCH
Leandro Bolmaro,UTA,22.0,198.12,90.7184,,Argentina,2020.0,1.0,23.0,14,0.4,0.5,0.5,0.7,0.051,0.04,0.155,0.15,0.121,2022-23,2022,Modern (19+),True,0.21,1.1,25.0,1001082.4238694005,BENCH
Dereon Seabron,NOP,23.0,195.58,81.64656,North Carolina State,USA,,,,5,0.8,0.2,0.0,36.8,0.067,0.0,0.156,0.4,0.0,2022-23,2022,Modern (19+),False,0.4,0.9400000000000001,25.0,894845.908278545,BENCH
Alondes Williams,BKN,24.0,193.04,95.25432,Wake Forest,USA,,,,1,0.0,1.0,0.0,-53.0,0.0,0.25,0.143,0.0,0.0,2022-23,2022,Modern (19+),False,0.0,0.7,25.0,690110.682198269,BENCH
Deonte Burton,SAC,29.0,193.04,108.86208,Iowa State,USA,,,,2,0.0,0.0,0.0,51.8,0.0,0.0,0.133,0.0,0.0,2022-23,2022,Modern (19+),False,0.0,0.0,25.0,500000.0,BENCH
Michael Foster Jr.,PHI,20.0,203.2,113.398,,USA,,,,1,0.0,0.0,0.0,-100.0,0.0,0.0,0.0,0.0,0.0,2022-23,2022,Modern (19+),False,0.0,0.0,25.0,500000.0,BENCH
